0,1,2,3,4,5
0,3.50909367120388,5.28198361274809,6.43790064866921,7.25454400805008,7.88762348666848
0,0.705217145575132,1.3151852056253,1.86076039655491,2.35707679939173,2.81498175452339
0,0.611332518261862,1.1241188283655,1.5376098432994,1.87004019748686,2.14234649177366
0,3.94796760024899,5.71044374850218,6.67693636232634,7.30581500451122,7.75830691230745
0,0.837109580783067,1.51199652962139,2.08211857855947,2.5754409048391,3.01183859377444
0,2.48405172012619,4.67744342387105,6.46744625358576,7.81389322528335,8.78017713992327
0,1.07907927673815,1.87926719056139,2.50988860984044,3.02013991750177,3.44155121054461
0,1.12920435829733,1.98291240951376,2.67491134968201,3.2523185828506,3.74766537174915
0,1.27894518998314,2.17337918760625,2.85324629251696,3.39443651301903,3.84733710979011
0,0.396755867524726,0.740547307663055,1.0455101305577,1.31749822050779,1.56073130435841
0,0.322292276988786,0.595417015828502,0.833884814010862,1.04532896232543,1.23534284292567
0,2.47739610200509,4.3447487580526,5.80472992747179,6.97286526125336,7.93798647686048
0,2.6244296478679,4.78704964695834,6.37602143420355,7.46667514358538,8.21736069776627
0,0.994772208205752,1.83863360445883,2.54414602797862,3.13120586657603,3.6217407075353
0,1.92207951195931,3.26810206010063,4.30880926632973,5.15388749061624,5.8731038789885
0,0.896547169086858,1.48897314935536,1.94404366558315,2.31459796284981,2.62644426245764
0,0.788203778661925,1.35704544282767,1.76446959317686,2.06504050078744,2.30154854472871
0,1.27758865782052,2.25089485394498,2.98089184138171,3.53150149730705,3.96190002092652
0,1.6086191521737,3.09442535792565,4.44357593485496,5.65894164667432,6.75196384093967
0,0.238082650121342,0.448303202024303,0.642307162433735,0.824467674802652,0.997221583269295
0,1.88296746157226,3.12835508711451,3.98844247994209,4.61022439367257,5.08160279206093
0,1.3789317959634,2.20543421979812,2.77321848720907,3.19561968509216,3.52753498685989
0,2.31968519440957,4.07813433109659,5.28093270390819,6.09676972497197,6.67816687692682
0,0.950358672862481,1.8198868254073,2.62050051888868,3.35957654340321,4.04324283910124
0,0.726142522246422,1.32064409562576,1.81461554038899,2.229067198544,2.58183376852876
0,0.763378339146326,1.48960753383651,2.18388114506948,2.84910579455403,3.48733053837556
0,0.166057032359057,0.321179804169757,0.466749651809714,0.603615544429684,0.732429138249585
0,0.232283256133949,0.431634841629082,0.612509420837701,0.780708163351783,0.939507544565767
0,2.96945353051404,4.42858090445183,5.39062409516073,6.09238156465575,6.65393076219279
0,2.07610395705943,3.72535009127388,5.08672075531396,6.23378461634167,7.22098709203377
0,1.12114390545372,1.99222149077481,2.68002133277652,3.23009633315955,3.68054336604958
0,2.21235245959961,3.63278840836143,4.66601682762906,5.45607551567167,6.09323426387777
0,2.30436426467235,3.93212466325551,5.2026146021954,6.24144207581565,7.12805333766355
0,0.772661109789152,1.37006764597649,1.85399710846491,2.25598628568225,2.59930898128025
0,1.77065811943279,2.53339358484559,2.96294221168091,3.24919915948666,3.46378197299568
0,0.432112534784814,0.801500784779145,1.12213678642011,1.40323023224298,1.65194045576529
0,1.43193768127488,2.60156863095101,3.55612734076669,4.33501094378693,4.97558841122787
0,0.471939670596065,0.855914457139617,1.17052098590354,1.43120977395664,1.65088621342225
0,2.41825934139991,4.31030056835267,5.73838866262687,6.82109073139586,7.67116003166805
0,0.862211113989667,1.63320762185561,2.31434566355343,2.91244634298158,3.43636594249867
0,1.02867401632531,1.87516002069854,2.57924205250914,3.16932128731586,3.67017282995771
0,0.951717364140804,1.67201572511635,2.25305443576725,2.73913046796032,3.16083053882026
0,1.80232999628327,3.3658662946343,4.67585792934593,5.7532453132253,6.63227295753684
0,2.41025521560138,4.70917925896693,6.87942360110608,8.90873167281034,10.7940664940286
0,0.286481402662352,0.525603370748788,0.730299931125693,0.908503093391298,1.06641769618724
0,1.68491798029518,2.84072811569855,3.70623027025616,4.38322258961555,4.9393545602638
0,0.325262822088935,0.630201585571251,0.918463096224805,1.19231816327893,1.4535939262469
0,1.06060089217962,2.07140092963405,3.02370795880078,3.91316915440742,4.73900267846245
0,1.14166125006081,2.14487638085112,3.02533671746908,3.79770254627975,4.4764046617981
0,0.545348707270191,0.978817290778989,1.34350201366265,1.66028688758707,1.94201179870617
0,0.29122543373547,0.54645732091119,0.773722657324491,0.978179690014391,1.16372884811226
0,0.593607448004199,1.01498199193907,1.36237807950337,1.66286918953794,1.92953277792822
0,0.263911057854069,0.483442552077259,0.680659047764807,0.863125395163182,1.034675834337
0,1.94110554460015,3.55939326589698,4.90234214210479,6.01180019549363,6.92906509541461
0,1.42320597806338,2.43740305017097,3.20546662041743,3.81157708866097,4.31408571843753
0,2.14977861556056,3.85132393511669,5.24895623728765,6.42436209975049,7.4375078428137
0,1.89309049920737,3.13824643973717,4.09710250405995,4.87800142440535,5.54478187364469
0,0.247001820620822,0.48305658151963,0.708452945953586,0.923200672363846,1.12728300276399
0,2.79607058811927,4.61405644583499,5.86770454154378,6.80511815248,7.56779844542645
0,1.47930643255334,2.20514668064123,2.62962688758333,2.91569650846918,3.13020594467052
0,2.44711909925991,4.81835317641476,7.07981982796634,9.16738839658458,11.0025085398972
0,1.47619498145045,2.7141458409569,3.75767955471341,4.64046476318959,5.39339496501522
0,0.782430412339514,1.36378610318179,1.81040806773512,2.16275455152444,2.44906798824104
0,1.21272961017339,2.32916573377972,3.33448437653846,4.22939872970124,5.02054267983384
0,0.92615099458431,1.78291814833214,2.56609748755587,3.27662457400421,3.91773070449988
0,0.754418599097145,1.32439704483568,1.7590176432043,2.09679276975605,2.36727826298612
0,0.254501439901375,0.477770802064808,0.683748126160617,0.877020726988294,1.05995473225817
0,1.1361064684506,1.90481566403943,2.48611135318869,2.95519237059417,3.35319538895748
0,0.943466682930121,1.4080552406899,1.7259193679626,1.97966816910599,2.19847916696263
0,0.559502504898348,1.05653455068349,1.49715623146965,1.88751756091369,2.23389941785762
0,2.31640559379686,4.05484013553929,5.35414454829974,6.33601579395201,7.10668201190517
0,1.58791587891364,2.58711950460372,3.30839143953624,3.8750888619843,4.34953461722228
0,0.379650463520641,0.692222376532505,0.952409851073635,1.17132439441902,1.35808759137654
0,0.999994150880891,1.87984239470236,2.66294695514816,3.36455488487062,3.9972973535097
0,3.85653922643819,5.75514213464289,6.97314009016117,7.83706160562878,8.51478308921868
0,0.428811662656238,0.775578332881805,1.06605454112369,1.3142631808597,1.53080571871873
0,3.58637397533612,5.32040098251742,6.47198368864939,7.33397340761474,8.04409826051871
0,1.42562851223143,2.70722152543068,3.84174183332859,4.83727881131434,5.70640180849519
0,2.54312891754445,4.44394087312598,5.96433239079934,7.22974027456792,8.31052363525454
0,0.422954594960203,0.787366834679764,1.11270478396327,1.40776644006822,1.67797565797603
0,1.68869471522069,3.12891230721863,4.34064495531938,5.35843821276385,6.21762340120067
0,1.86082014131139,3.11178297214377,4.02950974133101,4.72983043083471,5.29134545212447
0,2.12300924233498,3.67494805447168,4.92146876063102,5.96608694643615,6.8751497668928
0,1.33246056306576,2.33762471743417,3.12214281810616,3.74769507460848,4.26238200700493
0,2.10057819406685,3.69810016922283,4.86817417770484,5.72012638020742,6.35467490579596
0,1.02340575450677,1.67396782061679,2.14267782185803,2.50854826557635,2.80972773154204
0,0.771406464372691,1.32787965480177,1.75422330053946,2.09388141432742,2.37300211135948
0,0.238810278677897,0.457391643593464,0.659064813587489,0.845507700775399,1.01800849207664
0,3.35400312712292,5.64471717227141,7.28250266642489,8.4993906208886,9.43627111112758
0,0.382960809807571,0.693164282288862,0.959344760752104,1.19485207049244,1.40781459841595
0,3.34565061356324,5.36758736569423,6.7562482905568,7.80639510186399,8.67108597573037
0,2.58318912404168,3.84870449086966,4.59235036638584,5.09784286951622,5.47995169912563
0,1.38409077841882,2.41866758601173,3.26390629953831,3.97766367161762,4.59803214254847
0,1.58031505624881,2.94544211760042,4.10747812353078,5.08670901516919,5.90753864247587
0,2.63124739956632,4.86220492965387,6.70159828165695,8.1915968451882,9.38722592386438
0,0.7323395680794,1.40426297245746,2.01432266133808,2.56380084079612,3.05647773559308
0,2.59533792105424,4.67275196116209,6.32884946878805,7.64441389990578,8.69600963981856
0,3.11612571103221,5.15679737107355,6.59034669310417,7.68287698475665,8.586288222051
0,2.07752854113368,3.49964680454159,4.56144003207257,5.3856518807735,6.05387206335228
0,1.1919394518936,2.07844937626952,2.74617873944817,3.25938770745318,3.66611055919023
0,1.11754142994733,1.93807213856185,2.56972213981924,3.06941340242211,3.47933777713349
0,0.838373196706978,1.42300766597721,1.87503140502566,2.24550597003756,2.56290897255559
0,0.891896922729447,1.69273417676605,2.41297976604309,3.06106155902543,3.64485382499088
0,2.06652857466962,3.98393767691763,5.71927642150642,7.26555022917949,8.62725470440286
0,1.70743993018041,2.67628270520274,3.35905467584869,3.88432451401756,4.31177669852316
0,0.966163222424232,1.68833650623004,2.26238804256795,2.73558398171517,3.1384336186086
0,2.27285528119477,4.11543423057428,5.55624782953229,6.67042358607564,7.55479230347698
0,0.365889229354835,0.67622589284422,0.946457071904197,1.18416903551648,1.39519233818921
0,2.80757024142012,5.06637091578382,6.85167505350864,8.25614783059543,9.36912045753825
0,1.57275243507863,3.09706356844643,4.56379990447072,5.96546737095656,7.29810721125837
0,1.35092875963912,2.50507390213271,3.49640049703523,4.35000464727026,5.08826056164035
0,2.05089001377882,3.6493161330814,4.87899830856826,5.82181215862221,6.55698630325665
0,0.469361683123039,0.871812027004061,1.22186441110567,1.52843957403957,1.79911612460054
0,3.89665227850201,7.03181812811744,9.45975965553053,11.2929909282544,12.6823634994413
0,0.930337820696549,1.62238920017495,2.15498912969892,2.57566959608832,2.91768443930059
0,3.59924809517708,6.90383464257442,9.75884939470597,12.0890057221255,13.9305520561338
0,2.8057189972257,4.87935286656998,6.40606837506142,7.58690508747098,8.5599894592545
0,2.86426261443003,5.36479409414755,7.31344747217863,8.68675134363921,9.6181279153021
0,4.85843250539569,7.14343419622942,8.48189046982956,9.38046033113069,10.0350120070393
0,0.453564699221648,0.810119610321895,1.10099363237225,1.34416131871035,1.55203953460628
0,0.346110840847027,0.645943518977387,0.91562062765478,1.16119175108266,1.38609376840254
0,1.20689937232916,2.08247762420031,2.76884891582435,3.32737734451732,3.79922011415503
0,1.10412292973642,2.09697289305888,2.99055813189683,3.79416916544096,4.51680391593277
0,0.886165173839088,1.53332053235354,2.03278148252113,2.4301780276991,2.75442584515602
0,0.766869631314899,1.35607853172265,1.86014719008028,2.30918405983389,2.71733255749925
0,1.64374416550432,2.96679732586163,4.05220177428915,4.9511181297581,5.70496368442941
0,0.180828536095634,0.348270036238731,0.504730788186185,0.651566728215207,0.789799402276035
0,0.337448650062455,0.594681108543584,0.8043492337599,0.982586633073347,1.13853016428241
0,0.702872627280671,1.33989298413897,1.92657174722242,2.47043601469655,2.97663033726365
0,0.393950100567707,0.736309604795759,1.04632055322423,1.33164277271925,1.59667294684697
0,0.624348150846408,1.06699505022477,1.41474003928103,1.70131973456998,1.94550111167852
0,2.50903631775312,4.73103586813955,6.43830506172082,7.59382476541866,8.34564594809606
0,2.59299724002683,4.53316350362198,6.07235849279463,7.33320280432372,8.39784240323248
0,2.72385124965629,4.98989247330802,6.76081263438199,8.09186979447848,9.0868814476568
0,1.72505974671759,2.94095075989312,3.84983590810486,4.55000970688523,5.11290347640893
0,0.760468737321618,1.37508269118212,1.86238824141054,2.2500736948193,2.5655789558809
0,0.375495452421218,0.706747048383594,1.0004255320126,1.26070013211252,1.49152946186251
0,1.02907488606757,1.85303322239562,2.54607655428922,3.1435176059208,3.67027023278288
0,1.50525460971689,2.66446802948104,3.58480420963046,4.3267898574204,4.93791643619802
0,2.70628862284784,4.40506626698011,5.4118577401618,6.06028327052206,6.51894190565997
0,1.26278668092131,2.20374317087465,2.97455311390841,3.6269218327143,4.19401668288992
0,1.10139628373387,2.03207722169277,2.80648324593909,3.45121752859206,3.99447840115766
0,0.225040699923395,0.429757427287842,0.61813324745337,0.79242163851992,0.954381528927364
0,0.219096980461511,0.419444998693302,0.608265350668641,0.788634924076685,0.962368560591487
0,0.258067441282772,0.492432129725152,0.709656015037726,0.912346881442252,1.10219891049316
0,1.66768779296218,2.67373935600553,3.43401241072633,4.05332948792287,4.5868021697639
0,2.48913317542783,4.32399755417128,5.66538129594129,6.68904803123591,7.51755004679348
0,2.03133602287767,3.88972032637883,5.55285994181884,7.02512252591936,8.32083687556689
0,2.19572577216311,3.8473250458729,5.13623252559519,6.1627005259783,6.9995389042157
0,0.337013947875155,0.628139708574034,0.888657855831958,1.12535393424527,1.3428068069804
0,1.5374018283974,2.85650345026985,3.93876897541182,4.81326728364371,5.52233911680941
0,0.82187020889187,1.46816743864927,1.9929330575342,2.42839176315242,2.79640646280525
0,0.277138671886649,0.521390719527135,0.740704822763964,0.938960918055438,1.11890063022123
0,1.42893665060711,2.71040802771984,3.85815153288233,4.88385283484298,5.79884854873955
0,2.22944859865538,4.39726112005026,6.47996027073251,8.45856453650408,10.3170218338027
0,1.09377305192147,1.95060160161237,2.65018705659932,3.23363379159049,3.73133034500997
0,1.03326635816098,1.58190828557827,1.96041164170099,2.25243206021158,2.49212576654513
0,1.73399615930284,3.27662982846939,4.611600085494,5.74932043869046,6.71082547124928
0,4.77767156290684,7.39883319164237,8.85987243836403,9.78590122940026,10.4370564918826
0,3.25176762473854,5.36377491901009,6.78236326135417,7.82582710650926,8.63997436745476
0,2.8287295972733,4.73026074568643,6.04116469411502,6.97451556771367,7.68874983597857
0,1.65290575254604,3.09025873912618,4.34964715944057,5.45762675987599,6.43729541985383
0,2.31003285723903,3.50734544910202,4.18712468929382,4.62598031717153,4.95988936764129
0,1.7013964319178,3.08367096470967,4.20310997685901,5.11052000614328,5.85379520129259
0,0.928949272744494,1.64174093967414,2.21090306711048,2.67818421921316,3.07206218762064
0,3.42088644726075,5.23256239553582,6.45359868389939,7.37672558988191,8.14293348017877
0,0.88075976193099,1.56760956051193,2.13902506670727,2.62498336422113,3.04664577982864
0,1.20148542095329,2.16535360012122,2.94602395201422,3.58214242704696,4.10748286709131
0,0.957080462525649,1.78087633514141,2.47305193034233,3.05036615817722,3.53395211416536
0,0.306794131690019,0.585956380052174,0.845398099810901,1.08939757246297,1.32061615157499
0,4.12464142550757,6.55745258536263,8.1803760506194,9.36659868930756,10.316276988669
0,0.655594976336118,1.16290275794115,1.58271548941767,1.94277230135224,2.26179673290254
0,1.03824778137098,1.9817219269327,2.8223349522869,3.56391347561389,4.21492964241219
0,4.92348367655488,7.4922253122487,9.23537657924996,10.5388929507177,11.5643509538025
0,1.45043641909609,2.67730713244228,3.72988638904468,4.63977650469212,5.4331582359973
0,1.42687407216164,2.41716767648635,3.11549901578563,3.62620338576501,4.02658695599679
0,3.43707541611905,6.01803954747666,7.90385049525061,9.28896406470174,10.331345778681
0,0.675093974947981,1.25581205787742,1.7412135130971,2.14473498629197,2.48290114604352
0,6.42800038370002,10.9932266236161,13.509314757967,14.9371902864984,15.8500179656015
0,2.51957770252823,4.52406595518968,5.97403365847599,7.01795039429856,7.79910150732077
0,0.515873046657829,0.902380308030402,1.20976406970811,1.46268775728446,1.67681255365192
0,1.20371563704658,2.12712785889713,2.87536986876064,3.49525640651713,4.02111520905329
0,1.84279663907693,3.40579473177515,4.69165752020599,5.72813037720277,6.55503824675321
0,0.562057220732974,0.992322386914579,1.34038242657458,1.63078905176733,1.87938751169837
0,1.4922234785425,2.65214404215347,3.57616997838117,4.32270141240695,4.93901651516467
0,0.886668245334545,1.5283840978507,2.03360300894106,2.45092756471122,2.8079916694228
0,1.03050022082228,1.82176835709524,2.45672571951467,2.97528046358592,3.40878948381903
0,3.17666573849281,5.04915005560494,6.424628737084,7.50781719134929,8.41245282700831
0,3.25377002276843,4.68045932150861,5.57654967888221,6.21433151070525,6.70119978029108
0,0.650295774353301,1.16237847898946,1.56884148296128,1.89633746374141,2.16786603196879
0,0.374689497165198,0.711441485450136,1.02264375693789,1.31354334639771,1.5875972953721
0,1.11655124320858,1.91397176519407,2.49926173128141,2.94121964854167,3.29258218381059
0,0.33134321179754,0.568276627400476,0.754710500787426,0.910274380447018,1.04473697321949
0,0.604326835595088,1.11218307460926,1.54172606847061,1.90743486552139,2.22233712955188
0,2.90297533910009,4.48465822029657,5.56207973090469,6.38216572234397,7.06623119156893
0,0.266802415737626,0.461575874737949,0.626610706915818,0.773759233623771,0.908080809502842
0,0.983629710121417,1.80569230836864,2.47695453229133,3.02346269264862,3.47374570905301
0,0.211071002385727,0.403384551764544,0.581274360749322,0.747161577880235,0.902889811878956
0,1.79581612256991,3.15503182232753,4.25515661433838,5.18334823861436,5.98952890295909
0,2.70542447044056,4.41729438071124,5.62918163713864,6.52835419430893,7.23468078333739
0,0.680189182014739,1.33117218733083,1.95759263016595,2.5615761902661,3.1445871853283
0,1.54947760789427,2.51961590041796,3.1735484523535,3.63895312366166,3.99981836780828
0,1.30933368460255,2.4075347709188,3.33289633132923,4.11535703792268,4.78219223705942
0,2.61085185100373,4.83494331978095,6.64213055166021,8.12493161260643,9.38069420499989
0,2.25995943046655,3.65906822144127,4.65295369203504,5.41849756621835,6.05627848609183
0,0.322062086419463,0.607651463942503,0.869603057555402,1.11236914850576,1.33843513900355
0,0.295364458813263,0.551906200898678,0.778397857351393,0.979841225252417,1.16007910695728
0,4.91514658821033,8.83175868644669,11.4356374527672,13.044209764169,14.0830734211976
0,1.52685017829109,2.62554732297721,3.49220973422012,4.20039318050441,4.79883666100797
0,0.545669541868183,1.00117393827367,1.38404108258753,1.70797817793764,1.98527011223855
0,0.194660136110568,0.375030195134651,0.544410768883279,0.704909939080855,0.858222022170558
0,0.522237014748371,0.979740381510677,1.38035399702776,1.73072747511618,2.03767856175916
0,5.78991535086989,8.89688864279142,10.6414020802489,11.7484195021547,12.5237114859695
0,1.45924329010689,2.34547569514836,2.96586134365318,3.43584329397361,3.81172778282273
0,1.2734188555104,2.24390291654658,3.02596483225202,3.67752610777688,4.23954390929101
0,0.56023019075562,1.04051847394397,1.43482042985974,1.75687719808148,2.02378433522724
0,0.944250453263724,1.79837186956815,2.54182901126279,3.18360546172872,3.74016535421089
0,0.818580078649594,1.57283988913133,2.25830722593773,2.87581724845717,3.42848204323767
0,3.43718819286758,5.23290212643554,6.43593478076038,7.33462991262755,8.07039702331521
0,0.625969232625373,1.17061716131888,1.63193315278392,2.02034113364489,2.34917279665999
0,0.692994193017378,1.27052724927054,1.77286149192068,2.21998420328776,2.62614059482623
0,0.412668961180038,0.784018030112394,1.11919154222978,1.42195857098507,1.69581183413845
0,0.232777117455451,0.447797069020767,0.651024769822651,0.84511588076776,1.03165634675666
0,2.86633596170097,4.21138455853556,5.09413271371854,5.74608549659678,6.25876177089106
0,1.18309852235058,2.13407179778336,2.92079203154748,3.58155881567736,4.14631221686733
0,2.49667850108414,4.27558279263376,5.67488504166951,6.82593490086434,7.79721074659683
0,3.79824118158022,5.87449136768126,7.24716243861663,8.25148140167579,9.05479581112948
0,1.78338797697471,3.2312547272368,4.40664689213305,5.36012770142907,6.13895629592921
0,0.682019199395184,1.23002592915401,1.69168315310527,2.09270314567553,2.44874713187577
0,1.35288889385605,2.46412516709293,3.39279148879892,4.17626514302962,4.84554418046703
0,2.97500473524431,4.84975061947369,6.10707665538252,7.00936261455351,7.71017845751646
0,1.35965469853361,2.48556755285773,3.43857837873663,4.2531457030894,4.95759753646077
0,0.999118586308487,1.70511734428231,2.23616081800837,2.65137931261872,2.98838743121974
0,3.04913591251605,5.90542479543978,8.5209796540506,10.8629497019448,12.911145547037
0,0.48302911496952,0.920085367670546,1.30155614318102,1.62998061078395,1.91175389754531
0,1.80318109186703,3.18925150072067,4.16807990489295,4.85170413122391,5.34763282591812
0,2.75192204252897,4.86441342126715,6.35339969667715,7.37111059492062,8.08632525001985
0,2.56972018826603,4.24633676735743,5.47153256713578,6.41324411409274,7.1773277080448
0,1.96185076831522,3.38502706963819,4.47638795756946,5.33560948964781,6.0351363434515
0,1.32435345369317,2.4126147409174,3.31867219005732,4.07864596798825,4.72327498698611
0,0.538054832342285,0.954200358900918,1.29234935964506,1.57513235764513,1.81735910079751
0,2.26006079347291,4.17792581790876,5.64860097894165,6.70125379075766,7.44530006882748
0,1.85153299150858,3.2645149573465,4.35986974598597,5.21942271546247,5.91195041749837
0,3.22704240705753,5.96658984356435,8.12277890637566,9.76917529774818,11.0136812169023
0,0.943347319856978,1.69787453052296,2.33175663876136,2.87487608711049,3.3484512984138
0,2.81596793074212,4.94671690027381,6.53697301006799,7.74716211660394,8.72563155782682
0,0.981671508709445,1.74261415906452,2.37559092468715,2.91941865761657,3.39624170810566
0,2.71823763805775,5.1616213972198,7.2241700071227,8.83512338881622,10.0222923439874
0,4.38569678079964,7.74669118035266,10.088281770428,11.6839368355408,12.7963821006723
0,0.788184442533824,1.49256966923382,2.11761527946495,2.6697629328509,3.15639584548595
0,0.242796102471666,0.465269296185079,0.669657732129008,0.857535839395675,1.03032708467195
0,2.13186225324411,3.70627046350072,4.88430934048856,5.78163361094469,6.49143993149369
0,0.331340413773252,0.643313373317421,0.934772443032186,1.20534406425765,1.45509507567014
0,0.948643612767911,1.64882443891429,2.18913933371643,2.61843885218537,2.96985797612521
0,2.23080533382112,3.80126599937618,4.97083399453999,5.87901652442878,6.62092839319325
0,1.2824655341578,2.15574464494938,2.76171135779439,3.20123467742374,3.54578942221276
0,3.26034757825653,4.65361464334754,5.46513598250719,6.01297658228684,6.41729919280376
0,4.50413144695821,7.42266557178523,9.30498222505647,10.5987812418172,11.5388543319192
0,1.36945881857772,2.50022364582981,3.4224605995068,4.17090868556806,4.78180262575873
0,2.71498046392404,5.05630197651337,6.85418241849527,8.12086321142879,8.99641141180565
0,2.27137341916612,4.0553112710801,5.4496502614997,6.5457962065889,7.42020451740075
0,0.808512573543363,1.44744135484586,1.94060302643227,2.32648498082601,2.63648248302834
0,0.392561950940975,0.755411596635719,1.0933326294047,1.40912423513837,1.70485883772357
0,3.42438938396582,6.23706225898863,8.49565832322324,10.3015378111693,11.7562918151713
0,0.24452155148429,0.469935130505125,0.682307674247437,0.8846475675611,1.07909725219349
0,1.8270578430632,3.20874087306218,4.32311279220617,5.24850305271558,6.03880327334034
0,2.84207856145519,4.61557918654267,5.80591925294704,6.67640892870516,7.36812265382336
0,1.02401219710771,1.86193178337504,2.51655263074391,3.0282016834947,3.44001568365366
0,0.942334812049661,1.73076174697069,2.38907251486244,2.93868605624919,3.40128373670281
0,1.96920439545371,3.43242953170386,4.55511850977357,5.43130487535214,6.13465911246572
0,1.18303700242544,2.03107691801759,2.66463233800385,3.15151664891867,3.54275274589857
0,2.372391135552,4.07416420582382,5.23087527041919,6.04628231270036,6.65496208622402
0,0.778907715324301,1.38299508055188,1.87373866760411,2.28294852193709,2.63380104054712
0,1.89604493300329,3.39829594359027,4.56802803239512,5.47028850661031,6.17172948181069
0,1.55792886578174,2.79277106343289,3.81772520978457,4.69092904135763,5.45415713918885
0,1.61942829088578,2.82669435418996,3.76150344733712,4.50083511470951,5.10414295172138
0,3.15185326474864,5.40229248452146,7.06872581642173,8.33944079731507,9.33560242652309
0,1.08399130420346,2.01813527111068,2.82855006766784,3.53397436565126,4.15130840884087
0,2.71339966741061,4.31169475910089,5.48073980098061,6.39652040289789,7.15744607255376
0,3.02826292567978,4.98588225056998,6.3210686164973,7.30589215384908,8.09159646173505
0,0.405005687305128,0.759518755977585,1.06517420335535,1.32781545589263,1.55441730945607
0,0.494066122959687,0.921728367540794,1.29582738445261,1.62499417004058,1.91660685007007
0,2.99370289956467,5.42467680920027,7.35801019278955,8.87202786085239,10.0522007408932
0,0.818183343883891,1.47997509351955,2.03410638008235,2.50776438428305,2.9214487720146
0,1.79687013004363,3.40802739030533,4.85029542555493,6.13714458922608,7.28441351995475
0,1.94344443368787,3.65937562130174,5.18704233512404,6.55203201187158,7.77606860395651
0,1.96092822204681,3.46083827647264,4.64634453868173,5.6015371885109,6.38475519004033
0,1.23638572279571,2.19335344579419,2.98122880988047,3.64873422617921,4.22582729967558
0,0.344453632065724,0.617738339343787,0.857400348377245,1.07659592645981,1.28152324121321
0,0.661143518672216,1.26539836318822,1.81896956592249,2.32603794673015,2.79038467637843
0,0.361747131928132,0.694720298119173,1.00307588807556,1.28909297497433,1.55460638552846
0,2.23607963651726,3.91414399599853,5.25713100526528,6.36602187504568,7.31008202917661
0,1.13099440336669,2.07442907239785,2.82393510875573,3.41997778812569,3.90681585850264
0,0.919002639606554,1.53251236676973,1.99862301824368,2.37776365094575,2.70185696745276
0,0.565888297180696,1.04388044021377,1.45258824867012,1.80498560338558,2.11223755963954
0,0.335064799408337,0.634124927994372,0.908738930308609,1.16402458333965,1.40314499238563
0,2.67696419485538,5.09515413075441,7.19406996780141,9.00749202928294,10.589978927403
0,4.54925468051143,7.33897538078813,9.10560086769612,10.3118186250183,11.185396668103
0,1.36983629393756,2.56191207190766,3.59635763465619,4.49166063692497,5.26623844154184
0,0.387894126685127,0.718670639293246,1.00197171493829,1.24533320637667,1.45574824755659
0,0.699165080772067,1.3056699117034,1.84314046664157,2.32257651893638,2.75263248725726
0,1.35748223262922,2.36198416392164,3.10830166518309,3.67458582232625,4.12505548266797
0,0.400661546573444,0.7146506844239,0.972290655437465,1.18912701177722,1.37551123792647
0,0.686491170437924,1.3379503243936,1.951334041975,2.52513871854631,3.05876956677361
0,0.244392378158472,0.452937774577693,0.637609436104862,0.805047239746396,0.959635551908713
0,3.37934150398155,5.86420722310448,7.6502792743414,8.98798177333467,10.027277076805
0,0.262972552353792,0.500314383362307,0.716121677612816,0.912493926911543,1.09125541660617
0,1.1453900507172,2.13751636783762,2.99663973144759,3.74129194361824,4.38959009667987
0,1.3761261858383,2.72109324115994,4.0367242612753,5.32349033891331,6.58150889688825
0,3.95438881021061,6.51141850684263,8.22388497986532,9.45783593327223,10.395115981279
0,0.212999801220665,0.411024599527546,0.597547598984628,0.774528699514247,0.943443764618316
0,0.846819211555793,1.48577672072165,2.00328137604474,2.4343987612945,2.80294964082565
0,0.604949424502184,1.00710790342027,1.31889832891028,1.57942598329778,1.80604318434367
0,3.45450071687255,5.71900348101403,7.26723150160244,8.39257795546804,9.27395216776702
0,0.949705319161566,1.69887827871922,2.31467508046629,2.82853040088509,3.26538387727573
0,3.55446747041888,5.58830551028894,6.95217194297593,7.92813161667722,8.68770175178916
0,1.88806314355515,3.40203831185205,4.56769453897779,5.44975334165837,6.12486153416899
0,2.72241629397868,4.67380102857569,6.03594611984911,6.99769372538586,7.70399051332905
0,1.58871242322768,2.95901059099451,4.10044305414566,5.03774336712266,5.80669807053284
0,2.09383150647212,3.42053886059118,4.37234461715644,5.09016673456731,5.66422065561766
0,1.86375946422493,3.25140194891593,4.28373871303653,5.06736455548869,5.69097205507232
0,0.748605673520506,1.38489538962275,1.93092147572589,2.40219573807215,2.81232323035399
0,0.308088434133787,0.575300267036627,0.817122478396515,1.03844358852703,1.24190893925786
0,2.45755002511207,4.19783402467454,5.48389491252237,6.48681718854153,7.32440597405488
0,2.2964332041389,3.86975660182483,5.03372320000766,5.93570696677148,6.6732394398887
0,1.02487825604026,1.99482525793128,2.91785315468016,3.79617233991015,4.63071365518273
0,0.448723066796096,0.801048955129234,1.08862547076071,1.32972127420542,1.53685042345736
0,0.483566071332518,0.903595101095008,1.28107040723499,1.62599400991538,1.94542662716515
0,2.46807145643109,4.04936266489404,5.20417136758199,6.09199730821234,6.81195252208987
0,0.601365888968895,1.15062937302573,1.65291479953539,2.11236153093225,2.53287452493483
0,1.12708598906605,1.86473216694147,2.38719234423752,2.77763679953465,3.08500530421265
0,1.43276543305813,2.23053780966926,2.75293549726899,3.12703050068041,3.41586551258889
0,0.539541354765509,1.0265178926749,1.46926733197326,1.87309979062731,2.24257972845385
0,0.99282524540356,1.82147788036481,2.51905273864177,3.10948999029591,3.6138682674302
0,0.385877191318096,0.660870042663634,0.882691659150412,1.07496541502134,1.24846930601211
0,1.05794246201404,1.99197512390133,2.82718210921994,3.57992465090915,4.26364251415422
0,0.848279301839,1.59139376089467,2.23767229203386,2.7969905417167,3.28175901106057
0,1.10593040206869,2.06419802521159,2.88273794288376,3.57831568718681,4.17033060763921
0,0.34038092610235,0.615273758709857,0.854510655247662,1.07073787847688,1.27200068265814
0,2.07481332851224,3.63649863478903,4.87543523988129,5.8861842916198,6.73574913533747
0,1.73664314936566,2.91401968123417,3.74066073617222,4.3423499900004,4.81119536064894
0,1.09530688915127,1.88163387476481,2.50267175746381,3.01476904487629,3.45386407356197
0,0.626563689501804,1.19853113430014,1.72239510246747,2.20281673490729,2.64393666394299
0,1.1117730352498,1.83963537469981,2.39011663848775,2.83696883677357,3.21529017724745
0,2.28276272897418,3.68694453169446,4.7329231579217,5.55973299736651,6.24839123479919
0,1.03997249880736,1.87298702854968,2.5586228546156,3.13107805298015,3.6173633099805
0,2.77560311504925,5.0923447573469,6.89993367157822,8.29343720649186,9.38390276865262
0,9.42045404350249,13.4090684328647,14.9580063553855,15.7944046116619,16.3400687677769
0,1.72523894649637,2.71184281811981,3.42958469285071,4.00134423830499,4.47832407041178
0,2.60372648588071,4.81032269796666,6.69230578322525,8.30116854669938,9.68224189257724
0,2.09302865272288,3.36974093050266,4.31578704371279,5.06520941233127,5.69345869190319
0,2.22158026039122,3.59755896687044,4.55263212315658,5.25830394615639,5.81804263487643
0,0.726186465599777,1.39292525854742,2.00924595545458,2.58093108013681,3.11279948685444
0,0.38545000027856,0.734398377767714,1.05311468291972,1.34498616406016,1.6128017087799
0,0.362506582443562,0.68168912374341,0.965761419358845,1.22046925205537,1.45037963301621
0,0.970553493456427,1.82916015844888,2.59383085959491,3.27465663973221,3.8812161042162
0,0.932277524203027,1.78710263681165,2.57324256272182,3.29735129413466,3.96538360432091
0,1.14847874806698,2.19894534658668,3.14765873794243,3.99740395005257,4.75381363746659
0,1.38871232753857,2.52058039709508,3.43250243192149,4.16785193996906,4.76971321628147
0,1.1395688203347,2.00507288713139,2.68270856732114,3.22372676902164,3.66794402413465
0,0.61594846581819,1.18732783413474,1.71541660375053,2.20172165238506,2.6481249854254
0,1.15615930623106,2.08655521602305,2.83663465613753,3.44474402494471,3.94590303928647
0,0.431591290902131,0.826655760493811,1.1825312179386,1.50037797164439,1.78287850068653
0,4.83962216969661,7.22824562207225,8.69349317319856,9.71512066301545,10.4850703551146
0,1.89122115124319,3.46439156705415,4.77079978780224,5.85257177769227,6.74995848865672
0,0.766333834244157,1.30315686416124,1.72081146775906,2.06276131701803,2.3531835012259
0,1.15820798493837,1.94492632930081,2.51977271599479,2.96050362717409,3.31453792652001
0,0.742417220718916,1.39686361558956,1.96527908446297,2.4555049047079,2.87766906688866
0,0.282341738233087,0.536351274669418,0.768395690728075,0.98240310978689,1.18149626933927
0,2.6776581287981,4.2254801152496,5.2487029461395,5.98080638861697,6.53813599179685
0,6.00300428470437,10.6382844306579,14.0904718529733,16.6446572783811,18.571682084032
0,0.403347604088818,0.716742948602051,0.978033676418683,1.20204985615634,1.39783940320272
0,1.76121046901294,2.84346698823032,3.53864998218089,4.02305247159098,4.38628413020197
0,0.333058565228478,0.643829488685098,0.934307063735886,1.20537652994533,1.45775359983955
0,0.949757759520658,1.56872018626026,2.0378992634903,2.42266119731211,2.75345181690429
0,1.04586010471692,1.90105771979571,2.56421089950203,3.0737527880845,3.47446190629692
0,0.63551575594929,1.22752348225047,1.7739684710261,2.27516503211397,2.73251020949226
0,1.64466782351427,2.94514813734878,3.99927942181297,4.86477250147335,5.58711199554895
0,2.15162070100094,3.86476019626241,5.25622640156333,6.40086148290906,7.35815318818808
0,2.52002196913935,4.18648129918298,5.32515009195596,6.13490128915484,6.75826637668611
0,2.26467451916537,3.99490831893665,5.36165236291212,6.46590726396537,7.38181634512699
0,3.68561276984276,6.48285275366424,8.41670958940041,9.74862517932469,10.6928821474085
0,2.81270564835175,4.71640831998705,6.11611606628086,7.18389722586147,8.03567578093028
0,1.27734667207289,2.37592248537197,3.33667748779109,4.18291647963823,4.93196913428457
0,2.54102999116527,4.84110495730028,6.89559114345614,8.70457125921485,10.2716435764283
0,2.74292696015578,4.83781472850482,6.48325378348472,7.80188024163402,8.88651810669955
0,0.421491880218979,0.774072546229344,1.07722511917872,1.34243992769468,1.57782263538716
0,0.549197865889362,1.00052005607266,1.38484533334377,1.71839703552703,2.01322472306298
0,0.836827778100373,1.50218672164028,2.06293561671997,2.54635500939012,2.96886675913963
0,3.19933258262523,5.04568991502454,6.30934924510369,7.22925612120438,7.96119126756327
0,2.29382018934502,3.9614475022035,5.26608612346742,6.32474362114193,7.21153328841411
0,1.42282080263823,2.56612635881454,3.50408761532694,4.28289444493987,4.9404603688084
0,3.44047180597974,6.36337056252169,8.79560590564822,10.7871779611862,12.4055675886136
0,2.87823280325301,5.05045756208863,6.65512503057745,7.88021244733513,8.86497489360264
0,1.26156969798915,2.16303640853587,2.85011856303177,3.39301034455344,3.8405017232942
0,2.5383235687051,4.19492660367886,5.41462031724899,6.35922644935903,7.13028787306456
0,1.54432431457024,2.47761670643522,3.14832240474102,3.66783107844652,4.08785333303013
0,1.91196232540219,3.50331325472425,4.76968913916082,5.76451795966607,6.55475176785564
0,1.98493287038969,3.24759856700071,4.08549590605082,4.67218642792375,5.12377248578256
0,4.51745272877115,8.40282713605011,11.6445254049993,14.3149705953254,16.5141333459377
0,1.00777010450478,1.93580075537117,2.79978293115079,3.60916873202261,4.37072259648622
0,0.42218126175862,0.797274134839894,1.13384798611705,1.43754672169444,1.71312088912936
0,1.47597871766165,2.77496749529269,3.91213051293117,4.90215688018288,5.76343975700046
0,2.03376251173096,3.02046336749419,3.58624500855492,3.96241416428323,4.23632961606033
0,2.25562418539238,4.13121484149337,5.66332451617564,6.9076550321689,7.9240636024388
0,1.50443501469652,2.67768519256937,3.56718186484558,4.25199726032864,4.79466552825941
0,0.858632950539934,1.49217812222444,1.9912166522001,2.39597185602371,2.73472755615942
0,1.68266981309387,2.96967327535488,3.98509495104695,4.80306865766837,5.48089134990965
0,0.42931126239776,0.807765717378316,1.14290174338435,1.43941372536679,1.70183935014323
0,3.04505921613994,5.62252296247605,7.76154658447063,9.51115872100385,10.9281959138687
0,0.985667487922274,1.79937260070798,2.49303978086689,3.09470157576423,3.62539617826824
0,3.91888126603761,5.97804026255428,7.39118205691072,8.4397083848203,9.28925014089701
0,2.13735590317227,3.75332697827136,4.89148580017807,5.69054447853481,6.273830560903
0,1.11709845325913,2.08743433263939,2.93176777559192,3.66621786894794,4.30611587550726
0,2.05920550717888,3.68859564431069,4.955271708609,5.93156054599972,6.69157408933289
0,2.60412457307357,4.56874665510901,6.00056839145289,7.03016682695592,7.79188223910212
0,1.87355731531116,3.46635699110516,4.83376543522021,6.0134014995808,7.03752600603288
0,1.35731722634771,2.52547288680005,3.53566707728769,4.41197460473816,5.17635855221967
0,1.32858514327179,2.26319333286984,2.94936866334562,3.47361358979229,3.88786814421767
0,0.814576036182745,1.33253051449799,1.71226313794547,2.01121024879091,2.25611872115279
0,0.270140933131267,0.52391692558034,0.765491066479573,0.99713627257999,1.22056053181129
0,3.27659313919368,5.74143856564246,7.32211300045216,8.31606648056158,8.98678572084745
0,1.05254757194355,1.86913513675389,2.5398688374687,3.1027321567765,3.58537507627835
0,0.813078306116084,1.3851909536035,1.84915286167034,2.24348134522226,2.58788993242329
0,0.38372662019849,0.734159099080513,1.0529903625133,1.34211021996413,1.60365730236961
0,0.719059157714618,1.32413141046593,1.85076033672398,2.3151434009932,2.72778330768243
0,0.655286116337804,1.25191435078831,1.7977114418183,2.29663638859536,2.75233454920379
0,2.66623603688807,4.64411648255501,6.04160068911466,7.03031572667552,7.75269192591517
0,1.34451871618617,2.4154967331296,3.25853169844621,3.92188560492488,4.45274150485919
0,3.46202336716903,5.40831722393952,6.72615435241047,7.71904303127572,8.5381024714805
0,0.136252995427647,0.263670189707666,0.384628823560806,0.500557939252955,0.612468964683045
0,2.29867847323451,4.23891032769486,5.79147380326195,6.98341455545684,7.872382809318
0,2.15403990350731,3.62552356050582,4.69351599403858,5.49524521588773,6.12944519653003
0,5.49912122480618,9.30576012827585,11.5904196280966,12.9892276708322,13.9206971820575
0,4.3429515830889,7.64360223254672,10.0181553822962,11.7407018378732,13.0185178378445
0,1.4357357802145,2.5834330603807,3.53243093663046,4.33115161727446,5.01618247101289
0,0.840711432601862,1.53183404063672,2.11052356298989,2.60012280573085,3.02073662833282
0,0.339424351255433,0.659536419136912,0.958691646295435,1.23640060249076,1.49273267323228
0,0.260171003437451,0.475247398120474,0.666768979450844,0.84303755320395,1.00833123491688
0,0.295086124633625,0.559854991580281,0.804052005390472,1.03128291847493,1.24359343517555
0,2.82645373312074,5.40965740592603,7.69344920581712,9.6404883768625,11.2287695731944
0,0.222285742418454,0.413650638807208,0.586751264720225,0.747217561804568,0.898248853738397
0,3.65384937225454,5.28064069572765,6.34109017142922,7.12293610100749,7.75922364477966
0,1.55153907509314,2.7525608879211,3.70560981946881,4.47196353122742,5.10099741342611
0,2.24997094261375,3.62809428526085,4.65423265642246,5.47150294469418,6.16021303012856
0,1.0977664237222,2.06414320570662,2.93042626290968,3.71625058432462,4.43735185848198
0,0.943918487542711,1.78770712510587,2.53678539653516,3.19853904071965,3.78166468731222
0,3.09098811829754,5.38280419652076,7.0512199082608,8.28399197690995,9.2545861942916
0,2.02604842723547,3.48649595803061,4.47013431718017,5.14482807582157,5.63557849543907
0,1.88837463079838,3.37685855983386,4.57258398872166,5.54287524872127,6.3434449330114
0,1.55296930373605,2.7410694188657,3.64616544358101,4.33943414840463,4.88497513592793
0,0.962680963930846,1.68871433572753,2.28651979486328,2.79905033345029,3.25358667627399
0,2.06086406732656,3.61014575425363,4.76159497294902,5.62454020097451,6.29525918244089
0,0.678683582235396,1.21361091786913,1.6395728764613,1.98242406985024,2.26482767963878
0,0.244898743153377,0.444818559897255,0.624569358236896,0.791398141379461,0.94876081295713
0,0.983643939815874,1.72953120717206,2.33697649481682,2.84683039348474,3.2866864480987
0,3.85420401824448,5.62134315080337,6.79734665747775,7.69318231127311,8.44390820996099
0,1.1319115153987,2.16844471934187,3.10624073033207,3.9460872128847,4.69444375073513
0,1.80346965027908,3.38915349957835,4.79087316442265,6.03383264604251,7.14014274714081
0,1.08326838494204,1.82031145559551,2.37693696502391,2.8251768473092,3.2019631789327
0,3.67722939138991,5.53732296308244,6.77000113219003,7.66320937149886,8.38294550055907
0,2.97363324532716,5.39983025107641,7.06096214630906,8.09780291604963,8.77037956162654
0,0.714985318226,1.29195753969674,1.75779859426727,2.13690415704009,2.45159473211757
0,0.905078972705554,1.60961407072037,2.17804884208201,2.64583597967362,3.0403317849263
0,1.53015932782655,2.35345575749582,2.8263169266462,3.14070168097865,3.37287075964228
0,1.42280030579828,2.35277767800979,3.06627490676835,3.64718703119421,4.13658912308396
0,2.77647342280836,5.00991736203088,6.6347979467451,7.76005999943323,8.54652495106892
0,2.00174753408672,3.63347959235409,4.91940622486069,5.93673161550794,6.75585995394656
0,1.28022928171557,2.24352969526068,2.98627324304548,3.57039595306499,4.04575812382187
0,0.959178010810348,1.63532362130593,2.14920424370473,2.5552818898159,2.89072104546174
0,0.8061868339888,1.39518738343338,1.85445546483309,2.22658247013493,2.53781342112886
0,1.25909641708296,2.09007226585962,2.64718383340786,3.0437925599774,3.35419806509896
0,1.16369113925786,2.15752579705871,3.02407260022208,3.78886185237008,4.4720272642433
0,0.517034854631617,0.983324128615981,1.40330810533166,1.78009997267976,2.11727958823669
0,0.898671044650764,1.62073879294359,2.2266763609632,2.74612271567339,3.200399004152
0,1.93386146189998,3.50045299590387,4.66325513041382,5.49815574249664,6.10727172985847
0,1.88304558470537,3.32329958649859,4.46373408283152,5.3925221121804,6.17608396105368
0,1.94667234349142,3.40118638922384,4.54034177378393,5.45385233994259,6.20713827354977
0,1.49002748416399,2.76148326295446,3.85135761668543,4.78796353446362,5.59710437949603
0,0.523328151777131,0.853818919263658,1.10913010663524,1.32411718934387,1.51441912577799
0,1.47340112067095,2.32969450484746,2.93428064675292,3.39571535114659,3.76769024668898
0,2.14647511132498,4.06387388072726,5.77981696679105,7.31494262285255,8.68775904756867
0,0.48693740809669,0.848986381299095,1.13978961949036,1.38486226332254,1.59777875539157
0,0.514540994480562,0.8946199287072,1.21221318684656,1.49098748244191,1.74237038457078
0,1.2901747134909,2.29688502108288,3.13199066352708,3.84407654468445,4.46660135392341
0,0.445281337039915,0.842407881475301,1.21057296203538,1.55738910062303,1.88724276306961
0,2.11279805823398,3.74076757621162,4.99071939972293,5.96250169177371,6.74193707952488
0,0.470321405088176,0.900288898939107,1.29535483034076,1.65887311214634,1.99373269887263
0,0.251808420536255,0.478081388412494,0.684994544028701,0.875240919949621,1.05058687230778
0,1.82803168810665,3.3483679749102,4.58722390350661,5.59290815720103,6.41506465740275
0,2.48250794032049,4.003762520571,5.07768352043234,5.88089892064944,6.52134832839952
0,0.504229153422707,0.935631219461804,1.32153608455612,1.67350162007474,1.9984424119486
0,3.69395616538896,6.09945188789312,7.78959392232827,9.07885272099525,10.1449053121454
0,2.53038659380666,4.06139181934159,5.1655446454546,6.02574851753429,6.74440079804395
0,1.74329171303646,3.10102471139528,4.19101437281566,5.08091273806291,5.82291277613504
0,2.90047925717787,4.70536121051933,5.94706265387419,6.88692447319657,7.66296673519768
0,1.70731032511569,3.17336792426285,4.45597827459902,5.59068559288487,6.6058023074018
0,2.4543192636453,4.05074318218763,5.22037626276539,6.11836203741476,6.84484029953038
0,1.50799775287933,2.52381496911859,3.28612669250766,3.88339156009059,4.37369624744294
0,1.19903978963609,2.16385690811679,2.96652553491285,3.64446842297327,4.22644609409432
0,1.41475311731498,2.48274935629363,3.35707838914066,4.10100966817049,4.74931018919686
0,2.37003734866164,4.02210337842655,5.2089305456542,6.11917862976341,6.87068069609078
0,1.62259256320295,2.83617621657189,3.75304816779969,4.45669551446454,5.01674396965212
0,0.721152632043897,1.21633717685666,1.59924152713564,1.9154078635461,2.18972437185303
0,2.06680584646218,3.62142071809176,4.86040866826611,5.88651098490168,6.75935499649686
0,1.6140203560041,2.81743587831545,3.75225104089491,4.49357144078001,5.09915821890374
0,0.463839854930631,0.826490642524276,1.12496756683631,1.37817478284454,1.59839754981031
0,1.54502653119388,2.39520739928344,2.97839508752058,3.41715987296062,3.76570208313987
0,0.762446397136489,1.2284673493841,1.57849747900066,1.86652607547695,2.11582427543706
0,2.914214565689,5.17110423672,6.83938525891514,8.07060426024794,9.0054068491892
0,2.31345130791725,3.90755175782426,5.06832064342467,5.94333251905827,6.63737228191351
0,0.635491226252913,1.10831216814549,1.48261062950987,1.78896371867065,2.04560256806582
0,2.55494457491107,4.15720529590421,5.36085498665987,6.32260818149838,7.13275159158362
0,3.65020724221406,5.69480195624757,7.01531162332659,7.9392586394112,8.62897357778825
0,2.62282634844791,4.82969758285541,6.59996344806044,7.98089474464709,9.05416555755484
0,1.93522754424988,3.40346606621348,4.5606580046573,5.491656401749,6.25956391180424
0,0.754065370036024,1.33993994214336,1.80001078896268,2.16641334213587,2.46635985449809
0,2.03800770633242,3.19399155677182,3.93040581890492,4.43769966478455,4.82818355927457
0,1.21864445125526,2.24259231442847,3.12246105566037,3.88541576549891,4.5532669500149
0,0.556540206293736,0.998411550418624,1.36541881193251,1.67600556810826,1.94379369744903
0,1.13710537229325,1.96858142519478,2.60242220213431,3.10416579944668,3.51687224229251
0,1.91646874707157,3.50268074944434,4.81992252612255,5.91431682729821,6.82730779099938
0,3.5262649297225,6.53933064151798,8.95962038568026,10.8069439569045,12.184291288134
0,0.753118854728452,1.44490130216966,2.07767748239,2.65413418361735,3.1776411205294
0,1.85216853654007,3.31990078842705,4.50057207184756,5.45843079173489,6.24724531920893
0,1.7449746866114,3.1342254085339,4.28587446883741,5.26307375986583,6.11202727955806
0,1.14336942784501,2.05552991598259,2.82976460946283,3.50612421170019,4.11198058578309
0,1.23589894426167,2.12664431786132,2.83452198924506,3.42226969962844,3.92978573650944
0,3.49466180649378,6.64808283090323,9.34268507036941,11.6050958887543,13.4933852584489
0,0.275426499405256,0.536045591930827,0.781230962402656,1.0106854522879,1.22437643072686
0,0.377432543311562,0.714891900786682,1.01680619001845,1.28698789395391,1.52912122280104
0,1.89687991318371,3.43226335153804,4.70349694650528,5.77295291084661,6.68567262404304
0,0.327097084214452,0.631322018322687,0.913480363338808,1.17439409764146,1.41499948916689
0,0.404250178287411,0.784440287987196,1.1398072542942,1.47009437805046,1.77543004934983
0,0.753196907621385,1.32380067469197,1.7956561727711,2.19981192357392,2.55239519701494
0,1.06129068147373,1.90603051899278,2.59715728498178,3.1722620575534,3.66084507705298
0,3.79022942109589,5.77948316065192,7.08895625659802,8.05630284906837,8.84177010289984
0,0.471345792122302,0.885822875926103,1.25769632286183,1.59414543165219,1.8998822120302
0,2.31169152190509,4.01912718247534,5.34787618815091,6.41037194367508,7.28618968911965
0,1.69181079632574,3.00330966483124,3.98616128139435,4.7427712677492,5.35728143518813
0,1.43825536447344,2.61268023242741,3.54974540280415,4.29449320666252,4.89472687760106
0,2.53621107616658,4.56154411670555,6.12904450297988,7.34064733123144,8.31499270605656
0,1.1506561219986,2.1604718275613,3.03489729066927,3.78884334670647,4.44066355453783
0,1.08958024805224,2.02304848659449,2.85021922836619,3.59318056478063,4.2677506215453
0,0.399132713923363,0.722323986558282,0.997299067995601,1.23818076762185,1.45393197134603
0,2.50929337664822,4.53252522039034,6.19608803795089,7.57841744257115,8.74241922122415
0,4.35918493588589,7.35361249722959,9.42819404242739,10.947206254328,12.1086608591768
0,2.45820791731018,4.00293793739773,4.89502995864956,5.46109159267559,5.8599258497005
0,2.03747081434551,3.49611495050618,4.57002929322217,5.37739945220238,6.01153048229211
0,0.718163790227948,1.33204757025685,1.86118416213379,2.31972417699437,2.72022026478671
0,3.48418330214573,5.4831493686745,6.88352835384523,7.93223453452782,8.77301516748414
0,1.06285803030358,1.79642735698683,2.3486098657964,2.78092170226882,3.1351505704425
0,1.99920101855998,3.6765632121452,5.07571875628391,6.24119208140566,7.21651802123175
0,1.46627692074811,2.68121845531289,3.69525666786132,4.54604546893459,5.26717809232585
0,0.785303377166335,1.3520311277658,1.78671635126681,2.13150160428087,2.416478148854
0,1.97377717166906,3.50385279909866,4.71719170820098,5.69117215830015,6.48874702985657
0,0.47665761978066,0.908264519521027,1.29999846839117,1.65584365842243,1.97949469766363
0,3.32326367703422,5.78513416301967,7.52408554049725,8.76385680877814,9.68109597698698
0,0.439908561271133,0.843824755096806,1.21172846824739,1.54488958563941,1.84531371162194
0,0.583746577746651,1.01907193641773,1.36402682235175,1.64792038704935,1.88900747307862
0,0.360793268519097,0.693454828957593,1.0001550407537,1.28209117555734,1.54048870545644
0,2.32099231193549,3.70724446067528,4.61768454241802,5.25186002403701,5.73737017732201
0,2.2885825098249,3.52829879283759,4.27838938614152,4.78668460373964,5.1607282635685
0,0.448862185074804,0.826381274566927,1.1527767889273,1.43941118866322,1.69428203682545
0,0.576882420501027,1.0642479423771,1.48546644604892,1.8513161122619,2.17098865195225
0,0.837118254610858,1.51619273982273,2.09334597645361,2.59544742735967,3.04154072587402
0,0.721331686990052,1.37660727781601,1.96082551819265,2.47674225160071,2.93000876147386
0,0.689742772450089,1.2369665988171,1.69425330593202,2.08682643773129,2.43242356429249
0,0.917020888903958,1.69732968752603,2.35027702809554,2.89441955618328,3.35047383943061
0,3.48795709545956,5.57705428163578,6.94380683451874,7.91828871597496,8.65699121397015
0,1.41853463876284,2.25479251847412,2.85254187937667,3.31986308861268,3.7040747426956
0,0.348742032835696,0.654864984799539,0.93091518142542,1.18286655803201,1.41497657085508
0,1.92986959989714,3.56865223071594,4.97171021321375,6.17801532278906,7.21921092286886
0,0.433924746900147,0.827633747552931,1.18466608787123,1.50758973510141,1.79911039502259
0,1.68036741420847,2.89436832932776,3.8165218687852,4.53633513149919,5.12019722914094
0,3.05696510013236,5.18180313797553,6.55296870335193,7.48142998335462,8.15771579129315
0,1.93219045148882,3.07909068658977,3.81082626529376,4.31337189510753,4.69968058498263
0,4.485837208988,6.34348324542169,7.53975459233818,8.41123836178421,9.10957057634398
0,0.589226287246735,1.07730923658461,1.48788109258012,1.83667657277591,2.13693204060968
0,0.386260417449786,0.710200810006056,0.991988800626073,1.24086504256003,1.46335712707593
0,1.89771028893805,3.30455869368638,4.34662767313197,5.12388486121947,5.7250515847267
0,3.60579529209681,4.89358233659656,5.56553955986048,5.99915254086769,6.31250521207433
0,2.71073817449758,4.08814769967683,4.90379684744258,5.45524561930078,5.86445221628203
0,3.48854662186855,6.17294438120901,8.07123840937212,9.37967211373251,10.3061929314747
0,0.72244482751638,1.34985891258581,1.88609431662818,2.34214731675181,2.73101478964697
0,1.60079121760463,2.78149236991217,3.63592155859972,4.27438913743222,4.7709679938528
0,0.454800355109383,0.856001521832923,1.2170040508811,1.54518552098576,1.84619606662644
0,1.32489100217112,2.38161653299921,3.26613686713583,4.0256783224216,4.69387652251795
0,4.61757807670862,7.55970145192335,9.30198805090569,10.393199165908,11.1396746360515
0,4.1224685892153,6.04249950116295,7.3004244447627,8.23055083545103,8.99194234100363
0,1.1418838352681,2.26114386322219,3.3557486758048,4.42305429220457,5.46129046373822
0,0.42504312466971,0.818298219587794,1.18103545652287,1.5142015839262,1.81896338262387
0,4.69225393758392,8.13807916171359,10.1745279497161,11.3464463958466,12.0974308863922
0,1.06604282815034,1.99921450179648,2.82628167966558,3.56339246732673,4.22433760940824
0,2.4285746852895,4.4505938965382,6.0764510870598,7.36010801763324,8.37194471089256
0,3.48738076947441,5.24836027733286,6.41751559645025,7.25784875562286,7.91501086927573
0,1.5677017412782,2.89296849118944,3.99802690710299,4.91166301525706,5.66604266140617
0,3.36680225310665,5.04346335990785,6.15830909297289,6.99182699461499,7.6770614969579
0,0.234081273463509,0.440295114394626,0.627334014806319,0.799539047027523,0.95992776038423
0,0.79858316939977,1.45870178860816,1.99074551686912,2.41909723902877,2.76979257322143
0,0.275583291319321,0.519713467809797,0.740459752297085,0.942053821018135,1.12741478305687
0,1.4663165390113,2.58713093463588,3.5087891167686,4.28883064562129,4.96597990900353
0,1.97324442467194,3.54437390049808,4.79707862002741,5.79609666530963,6.60093216614319
0,0.898684301662696,1.44727609319894,1.84341805738036,2.1555029538046,2.41398578244518
0,2.32578789001337,4.42761679113986,6.26561881861599,7.83268059926651,9.13959356480884
0,0.613280129918129,1.16415242650698,1.6624616288223,2.11477113093656,2.52671522863717
0,0.501276051043423,0.962571409870789,1.37995586946663,1.75495119377821,2.09096936628428
0,3.05071637230984,5.6412705037104,7.84798520195496,9.72845367502059,11.3340219201599
0,0.632436399572257,1.1552825321095,1.57792939507955,1.91980461139514,2.20122936437926
0,0.385740091329908,0.695104002493351,0.956403621144941,1.18317158611584,1.38385923300153
0,0.420439954882334,0.76545357907004,1.06193111143694,1.32293200878089,1.55766025057651
0,3.82494323769182,6.49774246724013,8.38603531099015,9.78748297500078,10.868149936939
0,2.15730056463241,3.85846442276368,5.21141099276368,6.29838660458135,7.1913651740255
0,2.6935521404226,4.34139863748751,5.53572190165552,6.46809279269516,7.2474004463893
0,1.81414523466718,3.1392028816482,4.13721246397365,4.90515689621922,5.51864353903082
0,0.27534580126863,0.538142171041004,0.790067094381936,1.03215693142564,1.26524551025354
0,1.38980285889807,2.63030011543031,3.7502288787924,4.76875682948503,5.70175512077668
0,2.32019028343238,3.76837232434701,4.82318366342367,5.65374499330079,6.35456031423694
0,2.92279522283316,4.32169961886038,5.23814523456183,5.91270993917411,6.44044668772704
0,2.50101683552705,4.68990332201139,6.48602919583992,7.89179076365453,8.95464278854061
0,2.88511751822536,4.23125911014613,5.13686758586036,5.82335270361904,6.37392628771236
0,5.17121291086108,8.28499299029838,10.4011925452933,11.9361220824419,13.1019977885951
0,0.898871686566202,1.62872188453262,2.24022363362693,2.76100530677948,3.21216755726398
0,0.796010490672675,1.48832964943348,2.09657149945661,2.63378103075315,3.11108061346905
0,0.641248560885188,1.2117952523851,1.720851866101,2.17444923182984,2.57854499078471
0,2.43622163435664,4.27671603196322,5.65549369114039,6.70925871856349,7.5496356833208
0,3.58001267154687,5.9412741354891,7.57390479025166,8.79299977095886,9.78176466159147
0,2.12376958616052,4.04332076621828,5.78373536476883,7.36595366113368,8.80899691701836
0,2.04162206549684,3.55516498459073,4.65290684611729,5.45549986944116,6.05885679616992
0,3.68202538933524,5.95729959546492,7.57150948342599,8.80421863520913,9.82084038321939
0,0.742625335922627,1.40837893748668,2.01144367472049,2.56100145851094,3.06468249121936
0,4.05323824182679,6.85998815377282,8.75938735598517,10.0937163691661,11.0723520951236
0,3.54621453366637,5.55679384307094,6.91172236791267,7.89606623174554,8.65074597400322
0,0.848613841608447,1.56636580260143,2.17654223318292,2.69780209077326,3.14709101089302
0,0.644161284582423,1.24410433398887,1.8023869316661,2.32059036050097,2.800319764546
0,0.562140924916548,0.884282823826156,1.12490539706333,1.32559461810776,1.50129266269154
0,1.56258275882703,2.72776281473525,3.63384882928996,4.35957701424739,4.96290312564368
0,0.375923340387749,0.689608567315941,0.948877544381397,1.1641539397744,1.34578045793713
0,1.66087215137585,2.89418841161618,3.73191242636732,4.30487628719811,4.71945335849259
0,0.331262640827962,0.613784913151179,0.869108152039941,1.10593780089128,1.32921051850195
0,0.51489544785685,0.867212444493784,1.13985639776224,1.36704904359034,1.56518318642658
0,0.606219484618041,1.11182852937631,1.52976692562292,1.87659348586937,2.16874265739534
0,1.25184402742543,1.83526419581747,2.19983274434498,2.46628303373104,2.67834850911855
0,0.935285223438316,1.77879620128217,2.51583452089617,3.15217087088138,3.70001820150607
0,2.26765613901418,3.93919775042798,5.2157308858103,6.21413002859159,7.01288882084225
0,1.36146320111518,2.59426118716082,3.71276625914646,4.72602557657006,5.64245398898064
0,2.50665340405397,4.38663092672764,5.78295598938507,6.86678276388171,7.75979660257479
0,2.91891150495602,4.47498127679552,5.52872265407153,6.29774781007195,6.90517275535765
0,1.58341311149671,2.89275743384547,3.94689333957768,4.79166053214271,5.47727598622237
0,1.26321773011609,2.24528749526997,3.00793786690676,3.60651228196568,4.09025975576968
0,0.727758765190069,1.37512880910686,1.96006071584738,2.49363532049252,2.98472623090885
0,2.48734797275136,4.85789605419915,7.08116992736559,9.11607132734025,10.918398335572
0,1.24496620760639,2.160492103062,2.86897191077484,3.43351242118698,3.89975128888868
0,0.409587399061297,0.752429562023185,1.0590228156023,1.33812814232933,1.59434100862079
0,0.727208727374499,1.24397572268045,1.63551535973343,1.94653845297418,2.20216901516327
0,2.25962522285899,3.48104281278802,4.33434775609767,4.9893969956012,5.51819090237267
0,0.781103390518245,1.34479346343953,1.77211428295714,2.10795970470654,2.3805536950993
0,0.762154813131202,1.41600475229748,1.98681364013114,2.48942115253528,2.93590449718575
0,1.29513382784391,2.19475287905156,2.9176148017201,3.52396323438789,4.05043345943013
0,2.49201766747179,3.76526532137371,4.55269986835321,5.09452132158266,5.50269239401438
0,2.3294401848534,3.62788647590389,4.41045634402165,4.93048178172653,5.32785432283021
0,0.602607886828015,1.1185195208784,1.56580215880203,1.95634560590606,2.30021928264401
0,3.08822901529756,5.70764795856375,7.80901600124087,9.45133892767713,10.7354529115867
0,0.584749058070324,1.04613517504141,1.4338215843636,1.77090201044493,2.0713283730672
0,1.77948391349113,3.24355402031798,4.39037143171613,5.26559495111003,5.932233123446
0,3.40418275146391,5.51565295888872,6.8115839374069,7.66632978513741,8.28050064678968
0,0.40394225920607,0.749699620079639,1.04637714366951,1.30191024675022,1.52351196598671
0,0.445106668852984,0.865349805594667,1.25836434036099,1.62320700872096,1.95976203119932
0,2.719583681518,4.39040650914758,5.53371507003255,6.38584696251611,7.07906544617986
0,0.493426556576116,0.952357923806937,1.38045476818776,1.78005667501647,2.15314101663393
0,2.57550375210635,4.37132847274194,5.65994029497529,6.65342244972416,7.48036508588949
0,0.328290631796032,0.63013543413341,0.908165541297244,1.1642197304394,1.39998226535651
0,2.71086418860241,5.25070645760524,7.61562545218137,9.80526423142367,11.8217808911548
0,1.15224203076111,2.02593652949068,2.73236459901765,3.32444802425427,3.83482371154445
0,0.461096783730119,0.831257376251611,1.14046479430411,1.40493956480334,1.63562261775996
0,2.66127761925423,4.80207492392205,6.45287026611408,7.74639162723889,8.79793883157233
0,3.44118780540808,4.949498390862,5.94832178830609,6.6991928477456,7.32268710066949
0,1.16018744538791,1.90773634154499,2.4108502178425,2.77444060318358,3.05293685641918
0,3.87813800110544,6.20762425682268,7.7849539032199,8.95798230685356,9.90953424990564
0,2.6409268105396,4.56573276458574,6.02011483750051,7.14030883832828,8.0313785974668
0,0.985178010415645,1.58671849005758,2.00834990408609,2.32767527029369,2.58178793190515
0,0.797229828798369,1.49941850751604,2.11940075045958,2.66773100510549,3.15431600868962
0,1.34342070468796,2.21396865187864,2.79574547659077,3.20949859086372,3.52006361721138
0,0.781513029777643,1.47320275162287,2.0883980013584,2.6370507169397,3.12810318956239
0,0.442071359191583,0.832005996022689,1.16950209834511,1.45959078496107,1.70902424089417
0,0.396898722837885,0.778724483933151,1.14727029104935,1.50361199140939,1.84858530063214
0,0.403235717439262,0.764952310791888,1.09695822718145,1.40398668510328,1.6892170899165
0,3.78546912707188,5.57904343748313,6.69441650545926,7.4763240342754,8.06569876939514
0,2.5875549318501,4.10447536488665,5.09759536795259,5.79160499461341,6.32556864980331
0,3.35129620229795,4.88177023086093,5.90318642574859,6.66074793882329,7.27742343485415
0,0.808404400482262,1.38655562382483,1.83334145180748,2.19235098856915,2.49047564809515
0,1.65258597318376,2.96769112531806,4.03655907971588,4.91503067429958,5.64881955008454
0,3.87380014847388,5.47851394582418,6.52583944696687,7.30069662805145,7.93208501157063
0,2.74913473496237,4.44715427446948,5.70918676971102,6.71052438373031,7.54671359856564
0,0.421947375758168,0.810590113972344,1.16155317333377,1.47504185884763,1.75317636858695
0,0.759713458340605,1.48660725674554,2.18193472970837,2.84599725735724,3.47895389541075
0,2.16477070669091,3.90075129547818,5.30114520814397,6.43429158571401,7.35654890636172
0,2.59496963698705,4.51131922730098,5.98980902862129,7.16159848538136,8.12826576062342
0,0.768011660069615,1.30733824573528,1.72666565591478,2.06924293625871,2.35934852710151
0,2.96682822258049,4.8933788714265,6.26859065501405,7.28944052444183,8.08678361625595
0,1.0070774621331,1.95489746006397,2.84113553880605,3.66489583249998,4.42625939556825
0,3.59882642723511,6.13673473710453,8.02340639616606,9.47162016116906,10.6142723379166
0,2.42890102730867,4.15825801499316,5.37627785250053,6.26835210956276,6.95272825235351
0,2.32039927964259,4.38246459355302,6.15508900879472,7.63241221863079,8.82343545345565
0,0.655743920664367,1.17579891161281,1.60390708175636,1.9656306884688,2.27707751729867
0,1.77895800214678,3.30426701702269,4.60990494714013,5.72438857979628,6.67513020061263
0,0.312878318180654,0.601432817514974,0.869402561194913,1.1189360518056,1.3517735964742
0,0.767421243893272,1.38734684714677,1.90245198674151,2.33794861927905,2.71352811773958
0,1.55200512046721,2.72983240805594,3.6513467428538,4.38464244525861,4.9838218147439
0,1.10616852158332,2.08986253785897,2.96464898180415,3.7419771440979,4.43310624122006
0,0.90318499540588,1.61697879203567,2.20885185573187,2.71057151690844,3.14231827245958
0,0.873850436836906,1.66552104042043,2.39059123236717,3.0583843275105,3.67556436280989
0,0.430354222345166,0.807969359859455,1.1473582206361,1.45504115549402,1.73575845161498
0,1.5055322479373,2.41254880773174,3.08151370573107,3.60214022177887,4.02871262941672
0,1.49778505499629,2.63486955684617,3.45547072017431,4.04764075790693,4.49802808898633
0,0.651062716677564,1.19923437082187,1.65183186117525,2.02462190911433,2.33491187713918
0,1.01612903322202,1.93148531549566,2.73711326423745,3.43903949706573,4.04845102545898
0,1.15600507011578,2.00022786641501,2.66384499781872,3.20145127277324,3.65108187622395
0,0.331450166394709,0.61741134874832,0.869476530753333,1.09445994171973,1.2972337439557
0,2.75019185181019,4.6607574698382,6.01998764996466,7.05335278142688,7.89850968477596
0,2.61901296581959,3.77733016204708,4.46520685886771,4.94696404090613,5.31225841164675
0,1.00300319221886,1.8808019716084,2.65632443595211,3.34524537431799,3.96088015605119
0,1.05258757253695,2.00370136686477,2.85151913578336,3.60081530707397,4.25943127436
0,0.913321051081925,1.70755221952396,2.39775815909556,2.9971193337455,3.51890051288727
0,4.29728299532267,6.29328898378149,7.63617050218368,8.63620944988054,9.46509088822266
0,2.5942678979368,4.2390224733414,5.3848716603506,6.21809756162097,6.86432086456483
0,2.58182455866875,4.22358281533486,5.36741015931771,6.23692779367802,6.95536385821112
0,1.87136606500669,3.26113035786228,4.33417451851001,5.19300703042402,5.91177853015983
0,1.24955600951563,2.35799883698075,3.33722483377904,4.19937098564139,4.95711625191286
0,1.66249526812065,2.92294548810305,3.85470103070305,4.55115105320962,5.09588090031559
0,1.53941643374247,2.62371703709149,3.40474492232722,3.983324012731,4.43715705283163
0,2.65330452389338,3.98030158127655,4.91028427916806,5.63511986228688,6.23120250094527
0,1.38298912926524,2.29878075796029,2.97525777984608,3.50037674372295,3.92217112741215
0,1.60350165262219,3.0775320595781,4.41185253842484,5.60632642386916,6.66561910121346
0,0.379521672896521,0.704956030651241,1.00076443278903,1.27479362757485,1.53109792719425
0,1.27792124170988,2.39901836356461,3.37817268719844,4.23091978032734,4.97337679413867
0,0.702935153671625,1.30317209542744,1.80877018162864,2.23348682479034,2.59242202858278
0,0.85405604532955,1.50170396935965,2.02169104214083,2.45246398561433,2.82100927052817
0,1.24577096243102,2.32425999197165,3.2713153301575,4.10970587386719,4.85818362942762
0,0.835792765680543,1.43159122420527,1.90583340990088,2.30366000121935,2.64716814590753
0,3.07275831256155,4.91532070649883,6.22434352560989,7.21814632983204,8.04455662675481
0,1.53836904737895,2.76366687499117,3.74509042911857,4.53396358193119,5.17611218036776
0,0.800622622129077,1.31211641562078,1.69050518117162,1.99468380702857,2.2550816675436
0,3.62319110915676,6.0092615543519,7.69787243816608,8.93715815158688,9.91176878530665
0,2.85433875514465,5.22964122299618,7.11767458499209,8.58370227950791,9.71977062815831
0,1.32436902513309,2.44954439205215,3.42960565908664,4.29765100102717,5.07682432404954
0,0.568948898361592,1.08931655250152,1.56497802670407,1.99903780096108,2.39461980896976
0,0.916649724525308,1.68414331849646,2.34762229764853,2.93153118813116,3.45417920034929
0,0.218922234382955,0.417735850176689,0.602921724540101,0.777121092021698,0.941799375746291
0,1.09534634762903,1.9185376853814,2.58707044091626,3.15324297042226,3.6460513067827
0,3.16107228507302,6.00491652979603,8.2281716147946,9.74606458560322,10.7317859816979
0,0.761418798542525,1.37529182201263,1.87997518257382,2.30027795352042,2.65486869867409
0,1.02515023269582,1.69990416648501,2.1899753011524,2.5662621744554,2.86940128590492
0,1.25878567195891,2.37966259006899,3.38652829412079,4.29599151463533,5.12212236733258
0,0.823382612109193,1.46413170762434,1.99916084137346,2.45788600774586,2.86018812455922
0,1.14390641024096,2.16139804094497,3.07701779459195,3.90570480905071,4.65963656468093
0,1.71767086616069,2.92925195117184,3.75083287846398,4.32028072728176,4.75019827377931
0,4.19512532821205,7.4446779974222,9.86615478912539,11.7146230129364,13.1644501882643
0,0.577124340184507,1.09533012614485,1.55800345510903,1.96923970871666,2.33386909395204
0,0.302260597851594,0.583031675432022,0.843317944800552,1.0839148193997,1.30581092214881
0,1.24804485632403,2.40800983264197,3.48740836523451,4.48956871251162,5.4176138910154
0,0.628284535433745,1.17661463343888,1.65217134189788,2.06354072598074,2.42020237452235
0,0.655402077335789,1.14424599466339,1.52509441985074,1.82940538205107,2.0809655231813
0,1.8889240983163,3.25339919055367,4.34220045137777,5.2499504767049,6.03674062527787
0,1.75350984255884,3.32034828354162,4.72731358547195,5.99633483788451,7.14730471957994
0,0.301829701481126,0.566502361350313,0.808715003618798,1.03443628178354,1.24712285519356
0,1.83356805633711,3.28036437220022,4.47957083228531,5.50413355369034,6.4065275862553
0,0.70900852325748,1.382434816997,2.02094853619682,2.6247388657295,3.19401625431424
0,1.38195755525944,2.49738330181771,3.4324321700279,4.23359326067064,4.93070289755733
0,2.13500485155936,3.55594771854454,4.61768231417234,5.46005550714046,6.16789066458331
0,2.55775413081834,4.35982474513358,5.70684335177355,6.74820059945821,7.57645010813293
0,0.77901439960485,1.4557137567841,2.0193637532384,2.48530556703855,2.87416829476041
0,1.14177288040789,2.1038948225454,2.89186594311046,3.53086060552553,4.05124132992127
0,3.12330127451052,4.96923841880093,6.18312460703133,7.05777440338102,7.74856662979023
0,4.90967167871167,6.64940138454239,7.74380659057415,8.52426022239727,9.14348967781573
0,0.46766594191076,0.908295610644403,1.32797654387694,1.72995180453998,2.11641442196604
0,2.96392996373983,5.721965029493,8.18266620184127,10.2752284321469,11.9556238320973
0,0.501586823661146,0.923359657070643,1.29047772346238,1.61496851249101,1.90554876462404
0,0.654140500809219,1.20612898492548,1.67629572229402,2.07920017797622,2.42761644839135
0,0.710551790947725,1.21415805379239,1.59464358805124,1.89293446713668,2.1379175280173
0,0.623171274906436,1.09444821067137,1.47314327011214,1.78676839056615,2.05442611811084
0,4.71212423410698,8.62330409670295,11.3509184177266,13.0420575494747,14.1129245223239
0,0.766640000863271,1.36528810729477,1.83362087994307,2.20485834492488,2.50816285523084
0,0.691666370234015,1.30499026023115,1.86260540589129,2.37649894876851,2.8548710762204
0,1.80755005953547,3.24408152979207,4.41251624576499,5.37616447675057,6.18410537018551
0,1.3926748269246,2.61077955802504,3.658591600635,4.55201129122659,5.31128438339502
0,0.29507553892558,0.569857708027854,0.828094401858771,1.07157490177814,1.30159395277664
0,0.169015734036208,0.322762469946093,0.463528379807331,0.592883525934118,0.7121292435681
0,0.67461459770042,1.25278498429494,1.75584323759756,2.19658787360913,2.58576425900336
0,4.28657414039501,6.57851529117784,7.94150347940581,8.8480566860054,9.50330717315789
0,1.3148447413557,2.32931867101462,3.1307205826422,3.77258972465612,4.29810592553133
0,2.53843062507965,4.30523482764578,5.55520054900886,6.46740984971682,7.15859198814402
0,5.5189675180604,8.25019364038155,10.041502110868,11.3851917461717,12.4684783545189
0,1.00824844989047,1.76575609423632,2.31916855086895,2.73127580360055,3.05575580877122
0,4.42773994931994,6.10270848795491,7.22118648833804,8.07090115512308,8.77954688634863
0,0.988296656215577,1.72271677281331,2.30478257603449,2.78384808548227,3.19397614726858
0,0.965048840959301,1.73652766506187,2.38374945817243,2.94035021341432,3.43024102366873
0,0.592945527207312,1.07104619852225,1.47457051242994,1.82331246093533,2.13142018662052
0,0.797310120699125,1.42033115464072,1.88471516284252,2.23608168704248,2.51598945871233
0,1.30215357276339,2.26410929274515,3.00845050432966,3.60099943250931,4.09033424028304
0,0.857438190545172,1.61031098373092,2.2813208526219,2.88289816452627,3.42517607675977
0,0.441050462555989,0.804021151665735,1.11023417720989,1.3728400822361,1.60152589937173
0,0.270939865435866,0.517378281390777,0.744673438471658,0.955522702578323,1.15172538230427
0,4.31378678501447,6.78846125248951,8.27287419146683,9.26142269149063,9.97215853691344
0,1.93861027070249,3.14297563930188,3.96178461151443,4.55242891083798,5.01555221743825
0,2.53351802368779,4.37876744193047,5.6154964803214,6.44218083412349,7.02503552609902
0,4.19907517218732,7.20076475931034,9.35758397104229,10.942074649281,12.1430956226641
0,0.67700441611886,1.30471193743693,1.88141084333891,2.40738727240923,2.88420078575315
0,2.33725136347895,4.04784048133401,5.30737648521112,6.2692233006665,7.05007378174624
0,4.46821144146037,6.98435322089487,8.59522392900126,9.73908282892184,10.6066519992413
0,0.330448655710367,0.623595600118407,0.886827086528645,1.12476588675914,1.34099053076984
0,1.23702821286952,2.14487921402515,2.84823779455566,3.41069563227984,3.8774976081258
0,2.0311614348979,3.62085981100841,4.80521123798401,5.69654456553012,6.40102719142204
0,1.10858722567692,1.89343634292138,2.51562603218993,3.02979277560474,3.46469870546789
0,0.483960617235915,0.893660303705476,1.24978907816942,1.56317393652022,1.8409764211128
0,4.1964801798762,6.22997402488829,7.57858661133706,8.5569134373518,9.34751994866182
0,0.884181213872053,1.58903343662916,2.17747216121117,2.67895164556659,3.11474754335789
0,1.55605320166351,2.8105432272395,3.7650860813007,4.48514531924214,5.04561531294876
0,2.88601985809491,4.70810539714748,6.01279339777467,6.99487310377243,7.78231384392343
0,1.35096572598307,2.09949006836844,2.58930870485091,2.95453148445859,3.2485847547225
0,2.33796377990039,4.14586231052916,5.49412200060714,6.48350907194039,7.22356540211185
0,1.23443646739221,1.94253020030815,2.48134701004331,2.93258839618518,3.32919418691945
0,1.7599716480372,2.97500882252394,3.95591611411151,4.79142137475682,5.52350795071148
0,1.85894886985292,3.17317471966724,4.18210879071013,4.99628293552252,5.68817602103208
0,1.94958484362992,3.46908166877631,4.72813183331643,5.80971972507659,6.76256356014959
0,4.07539168866237,5.78582869993199,6.89467453973601,7.70864322144498,8.36478273845343
0,2.78845707321295,4.82309408124303,6.38141629558433,7.60279407613091,8.58468394022464
0,0.681369044333598,1.18807907112217,1.59668099788264,1.94013998006034,2.23744602660947
0,1.11715883852403,1.8146753362622,2.30796591978835,2.68594588060271,2.99133816386466
0,1.11651017807586,1.92600723315803,2.52450999292396,2.9777173160274,3.33774844680076
0,0.333933595323099,0.61348363234052,0.857115079373223,1.07368301021064,1.26895254718804
0,1.00871066157875,1.78926142295163,2.4090708449223,2.90966846352879,3.32424383156952
0,2.07147618854985,3.3792001056748,4.36728631987318,5.15969033955292,5.82847046674781
0,2.75564995052556,5.3602955695299,7.6924397589313,9.65134712195625,11.1910116544952
0,0.30131042130906,0.579583871190942,0.840644662356853,1.08734663314241,1.32172768969754
0,1.93227726456237,3.14499194943672,3.92882621591795,4.47060966339124,4.87199764186822
0,3.11104566023273,4.99504183571274,6.27969757141866,7.20344481416899,7.91953723585727
0,0.75286687560296,1.33573768129607,1.81708948429325,2.2310763447442,2.59670775289036
0,1.52128349773389,2.46720844782536,3.13253032987387,3.63304205120717,4.03141126063179
0,2.60677261926985,4.49656078322738,5.85194764636325,6.8712567215275,7.68703096259318
0,2.75597104735203,4.88304441219317,6.44926404211178,7.61969305704489,8.53053942858477
0,3.14679230603757,5.17037507921917,6.55961933080771,7.58573272144854,8.40563462924626
0,3.07277298468079,5.41400574479337,7.09426842561598,8.2891077321997,9.16211080615748
0,1.06199124951897,2.04270459009951,2.94740703631578,3.77970251270009,4.54359542243309
0,0.307636796388916,0.578265991752554,0.817859190324372,1.03073781508297,1.22073814872778
0,4.70908636883772,8.0302217383763,10.2207004724357,11.7398446285041,12.860667965286
0,1.33120317081959,2.48591296506991,3.46475730434011,4.28521905859163,4.97071254039131
0,3.75314717745374,6.7664175682019,9.1602247330822,11.0772060531747,12.6334901995166
0,0.313288906324545,0.594106726724394,0.852249589933935,1.09168725464636,1.31508710885197
0,0.292006294617552,0.564686903274685,0.818051734614352,1.05228512146101,1.26781236117573
0,1.30958671401872,2.15708026825118,2.75253787704407,3.19580263743035,3.54136618803435
0,0.758522109002768,1.45945041549719,2.10392213102216,2.69335430880358,3.23025583485626
0,0.390354056094661,0.746035431664847,1.06731747225308,1.35589977007345,1.61418253706617
0,0.910221310571918,1.59796985859139,2.15429063856181,2.61858268827065,3.01765984497297
0,1.09948792684156,1.82596777694274,2.33422736202515,2.70810089612631,2.99875796731161
0,3.5148277169003,5.6756454697466,6.92469798215007,7.70753562315423,8.24938903851408
0,1.45888042556354,2.68639697481068,3.73840709770397,4.64947139404336,5.44732748227089
0,1.11465069149497,1.95441856661337,2.62741882357645,3.18386941490231,3.65881107688027
0,3.530726735126,5.52145676180491,6.69604211885017,7.46645017170684,8.01705465258853
0,0.234941954187651,0.446488878127319,0.638728842328882,0.814398938791654,0.975684099750328
0,0.439991097203464,0.8465842180508,1.21765815695605,1.5538355291892,1.85687027034973
0,4.09391027234864,7.52107022111492,10.2861593150045,12.5498035357419,14.4447243814842
0,1.62626260689606,2.61177496675993,3.30097035316186,3.81659421148875,4.22475586859869
0,0.411804575317283,0.741584602653842,1.02133543708753,1.26688398784158,1.48915168701272
0,3.70181556874994,6.45988763050065,8.30233079194162,9.5106321151557,10.3378202017659
0,0.516741468103767,0.950064129632213,1.33055080635039,1.67106689281789,1.97893892860235
0,0.99133157713535,1.5693779135697,1.96487402453806,2.25997640309561,2.49255548489147
0,2.03588645291376,3.32576017552156,4.28885324840067,5.05526993395682,5.69944037128435
0,1.22922152120501,2.28585712043466,3.21296193345666,4.03393477006374,4.76708334000182
0,0.580743547529808,1.01532978818574,1.3657194579933,1.65912571915837,1.91190859615
0,0.374344277238564,0.687519844919225,0.947937027183182,1.16543867799913,1.34930987795514
0,3.19732855223132,5.08625502193414,6.36679710683946,7.28902333576525,8.00702789117374
0,1.45041491666666,2.69120477928337,3.7184557292409,4.55836796038882,5.24589843981469
0,0.70021219427402,1.2028330440854,1.61016006390018,1.95998834177686,2.27182922389528
0,2.38110848219475,4.59299105257946,6.63198263289886,8.49797119977793,10.1932056542749
0,5.12253270333213,7.53324174114797,9.08594170485098,10.2227778830404,11.1080473657603
0,1.40813894364082,2.68397023937192,3.83805840772152,4.88003323192363,5.81958962092328
0,4.25863136880464,6.56417920613186,8.00836298406868,9.00294131120975,9.73673017889418
0,0.572516392737844,1.02333097068458,1.39472304364181,1.70945739401841,1.98241678241879
0,0.774300893917746,1.24083209150057,1.57729723350703,1.83914448361148,2.05177905309733
0,0.464321246051111,0.865738186313281,1.22920197481527,1.56460147061368,1.87837910597894
0,0.497570909033196,0.919235592810597,1.28886360068093,1.61666080185675,1.90997199880245
0,1.90310087043687,3.36808832211642,4.45937778933916,5.26633403848217,5.87172878028019
0,2.65220990521454,4.53389597727089,5.8512160285706,6.78621130167775,7.49199612913064
0,0.333637625122273,0.596182837559672,0.819132322367953,1.01525371842822,1.19248559984988
0,0.7627589511195,1.31053079426751,1.73757914483742,2.0866949242952,2.38086882188662
0,1.12644075480515,2.03316023310374,2.78685761174763,3.4219089580718,3.96284540128848
0,1.14614717834829,2.07030080407959,2.77825919167618,3.32553752513362,3.76671621843725
0,1.01982277878462,1.95929465517478,2.82199323862095,3.61193668164463,4.33346315106886
0,0.862374371312764,1.57892040007669,2.17757814745826,2.68051657654597,3.10783194277066
0,2.43509346574008,3.96564693864866,5.10016021789767,5.99731974619541,6.73299893792084
0,4.13301056233996,6.53690530654633,8.08095391949493,9.17275518747689,10.0008637224495
0,0.833207584635707,1.53872136216771,2.12989044422696,2.6255842839349,3.04549413466043
0,0.726146067226326,1.33813371665218,1.87072964289768,2.33976162115927,2.75716458341674
0,0.81904694334804,1.55936008305561,2.23086159732742,2.84012856810791,3.39305033318678
0,0.360668015617975,0.643320791585494,0.887058213256882,1.10614709841706,1.30784492232152
0,0.677548800174944,1.16741907355465,1.55718539666329,1.88134785008914,2.16178694976245
0,3.29886965203003,5.69399029147791,7.38049632395569,8.58265277045704,9.47826891751067
0,1.79312038857503,3.42009174372552,4.89488962740198,6.22907653046084,7.43378361714535
0,0.303342463584166,0.591065268392179,0.863769095193313,1.1215976159839,1.36463649897489
0,2.18596836744249,3.96781896492389,5.44108144203245,6.6680217000056,7.70083924545583
0,0.621704494336582,1.19591290668559,1.72952476461853,2.22639371681299,2.68961285937082
0,0.326014131345029,0.565910325642891,0.760709405404983,0.927160623348211,1.07363696440589
0,0.779083222019805,1.41165925577266,1.94948052573992,2.4165430476637,2.82979271352753
0,2.1760618631296,3.6538298498797,4.64703529337574,5.3440834741872,5.88106799234082
0,1.20956466346012,2.16154657191708,2.94080861610229,3.59230482044065,4.14961245376728
0,0.64433322852353,1.10347065658982,1.45132936931088,1.72602309005726,1.95145414316992
0,0.583248922827646,1.08475240653804,1.52390057369115,1.91027778195127,2.25162673203896
0,1.50309864075805,2.65157236079209,3.51573766295317,4.1734576427288,4.69443229157923
0,2.20066015975883,3.73487845035003,4.80861603617495,5.57689467125761,6.16330700222227
0,4.14652524872164,7.2843933816481,9.52049392998472,11.1200056874849,12.2874809870371
0,0.71611602655101,1.37314656972687,1.9809379918565,2.54592369243974,3.0733971792833
0,2.20323360371478,3.44869189333902,4.30794809796621,4.94395477350477,5.45083971355504
0,0.216418172252622,0.405525144359219,0.58037336896797,0.745431116573779,0.90299294428208
0,2.33126467413903,4.05029388393021,5.32656950719161,6.29153558266988,7.05053214798235
0,1.50622951489838,2.77337287483449,3.79809696107339,4.62117905395676,5.29136837043628
0,1.20084408995231,2.16946867533212,2.91664030464433,3.49437596193949,3.9558896936556
0,1.3336672146691,2.49457726054862,3.52517521744052,4.45104937126276,5.2923538578439
0,1.11544561619071,1.97954022461891,2.66443380830538,3.21821399213666,3.67613732060502
0,0.531260953982886,0.975745938861624,1.35137773505592,1.6716460206925,1.94772418792362
0,0.593990112789202,1.08203500221668,1.50155309668199,1.87106229623244,2.20366443500856
0,5.53334386036068,9.46901810986336,11.7075961902493,12.9788543418913,13.789088776516
0,0.610063529151583,1.11878862366771,1.55518014707445,1.93467843522991,2.26914778141406
0,2.52354942800461,3.83581991284674,4.58887958433281,5.07253333183685,5.43750125608439
0,1.05312052145173,1.89303295926162,2.5920026319773,3.18605474131397,3.70150789177341
0,0.489337417873722,0.90352828881182,1.2585554116663,1.56552284996509,1.83400925432401
0,2.15295696303902,4.05296547279519,5.69091432045984,7.07389389970187,8.21885038803361
0,0.425462572771679,0.731501794980439,0.975934513129489,1.18228226649307,1.36294627347925
0,1.1905601149633,2.10513221187863,2.82468900329673,3.40068282537783,3.8744494726557
0,0.774906321340292,1.30313050019203,1.70228990251176,2.02016221615593,2.28425667847166
0,2.94407105368605,5.69194178035359,8.01489732617829,9.71749473338028,10.8333141029951
0,1.81502535084485,3.5481513615735,5.19710153819467,6.75939597442363,8.23294514979382
0,0.76781159349238,1.3888331952204,1.89386245576852,2.30752951553302,2.65210704210155
0,2.41658757706215,4.14431173073008,5.42964737022468,6.41186147646369,7.19801148444902
0,1.77249350195198,3.30438279101658,4.60575696352107,5.70501458831733,6.63571070430763
0,1.4084907283426,2.50347962915113,3.38367355278918,4.10341636584488,4.70473407273568
0,2.07195386607976,3.62940120179683,4.81477572060212,5.72770073788091,6.45287987188138
0,2.25435913081656,4.15703634604529,5.70998332755183,6.97314724885032,8.02135183605201
0,2.08140419539442,3.96815382803488,5.65466326700833,7.14940117075431,8.47072263477312
0,0.47718985788462,0.908592680673877,1.29594404431665,1.64238436353342,1.95173489248954
0,0.613766070245265,1.19961949692643,1.76090710997665,2.29955397980574,2.81703294342996
0,1.53267977167644,2.6376863804206,3.48850855299995,4.17712241699039,4.753647479706
0,0.51856649232065,0.955233475535358,1.32770116349447,1.64818051388194,1.9270404115194
0,1.10037504891245,1.91307831115188,2.51562827761758,2.97237779119881,3.33589779312248
0,0.670121183345111,1.2343946865598,1.69004135693795,2.05591128955264,2.35443254921929
0,0.798214641770598,1.52716680267638,2.20166733106484,2.83035311310643,3.42000226786974
0,0.28086240749928,0.546882673431557,0.796679892998068,1.02972713436258,1.24593110297968
0,0.525077434918908,0.998533849781649,1.42790984252166,1.81810397864843,2.17338934511385
0,0.56783571457112,1.05057562135759,1.47704438984307,1.85963608033831,2.20694175359671
0,0.926813998417084,1.70302905743394,2.37390552293733,2.96309072142253,3.48824727084777
0,1.84536701914462,3.13328148439278,4.09098857415804,4.83924345264923,5.4587866381735
0,0.866048679071166,1.61471324319252,2.26142062227235,2.81925564257672,3.30188128882557
0,1.06681902828682,1.98237847766553,2.77028760131304,3.44922014662906,4.03643037091714
0,1.84547017831697,3.2198218832936,4.27376242868215,5.0945978720359,5.75192330531833
0,1.89824255982604,3.71127892071191,5.42474989978091,7.0313323668479,8.52910703409695
0,0.453115648762363,0.793249411813957,1.06410845573838,1.28848835494788,1.48072347784634
0,1.7859637415423,3.26554384547189,4.50389149478867,5.54862876725134,6.43975913837289
0,0.497448988763453,0.893956512308357,1.23702655499116,1.54293533480959,1.81949623337334
0,0.943637217808103,1.72636398954249,2.38615197380074,2.94767158028094,3.4316791477345
0,0.902753671731159,1.66153397733707,2.31455102291192,2.88412761790524,3.38775047358182
0,0.975631173835297,1.88204485620958,2.72330081617214,3.50221493955248,4.22159887114752
0,0.488215619902852,0.925354142174553,1.31659615852797,1.66621106975296,1.97854931730166
0,0.178580988978442,0.340122957439481,0.488253652162771,0.625146248522856,0.752345151208333
0,0.189904956784366,0.350859796604974,0.496098090308729,0.629877855802697,0.754327585179485
0,0.66778649426316,1.20112815153535,1.64018508961168,2.00842187818849,2.32400276071989
0,1.79499218821844,3.16924157592487,4.24643805110907,5.10299271314786,5.80016635166835
0,0.654782224107862,1.17105523601161,1.61138625118085,1.99425720804428,2.33159445150537
0,2.96095937274847,5.17941354625013,6.79453126950927,8.0082736110888,8.96965428277304
0,2.44852068674785,4.28377162331584,5.62256253205792,6.63431223401051,7.44260716719037
0,2.41739721563299,3.94911408684789,5.08258844825742,5.97166981367609,6.7073877244785
0,1.45234573182699,2.60454655193156,3.51434949859148,4.23340296333394,4.81070261694513
0,0.661126421151931,1.15687687637004,1.54148849836208,1.84790924946117,2.09831468521786
0,0.274504536498768,0.527374782667992,0.763791988141143,0.986426986195426,1.19723541997151
0,1.05836834610592,1.80441528689175,2.31018283053878,2.66675447456169,2.9422414103999
0,1.73013204430849,3.10341663140915,4.16258086017203,4.97056843578959,5.59492141029659
0,0.564591624831851,1.09290766820854,1.58936153415238,2.05685276249536,2.49781523745078
0,0.42923165828179,0.831130025919418,1.20896735679636,1.5645414593115,1.89926341761146
0,2.29108001125131,4.04354398879144,5.38322672691897,6.40867048123396,7.20964252769017
0,1.97670917068128,3.43354058020736,4.588258326774,5.54174904176819,6.35123715902518
0,0.41628091232743,0.744407706123738,1.02210043139901,1.26414439070143,1.47879261007675
0,2.53456829333819,4.56067552282638,6.13840813843512,7.38407624055943,8.4071243195136
0,1.38312586874409,2.53964480648072,3.52894493464977,4.38627116121758,5.13924234625109
0,1.68328955485163,3.0363261343652,4.1230498493016,4.99936423513038,5.71717341504365
0,0.542842436961573,1.0402007537111,1.49938608214585,1.92486278096099,2.32029572378539
0,1.4751577521701,2.45188025526015,3.17429626918628,3.73890218808397,4.20625506139391
0,1.07373046036419,1.9730722975673,2.7184353200357,3.33706979157418,3.85697998948216
0,0.783601503621841,1.44658067192651,2.01908162418899,2.51946455622891,2.96241525436646
0,0.80865766845724,1.44094804883794,1.93400654127185,2.32279576874707,2.63854513109081
0,2.49845710833543,4.84063485715988,6.96371892137222,8.79829324178233,10.2801233517963
0,0.426047642498485,0.822231163102034,1.19415306880587,1.54466037482959,1.87566328603002
0,0.327042999461139,0.613488139567875,0.871311477217919,1.10738723424062,1.32642021403966
0,2.62797006521444,4.45711752411847,5.85121193827523,6.96275738122137,7.89020179674657
0,3.18947486626564,5.19186082388082,6.6193236752861,7.70129044270623,8.55592145890907
0,1.98643752105734,3.23117210155718,4.16188076444929,4.90097452205892,5.51968059264001
0,1.28975091515129,2.08130399909229,2.66291750986665,3.13223404492457,3.52937418138226
0,1.9584492808149,3.6067381521725,4.99468844974865,6.16135414101683,7.14306483189597
0,2.09957644746387,3.63726383926156,4.78748402899917,5.66192278920529,6.3513517505842
0,1.70668988250608,2.95850304393419,3.88687769537034,4.58929558786873,5.14508078618347
0,0.455135478556622,0.869769233299823,1.25232686885476,1.60778501043185,1.94007520135863
0,3.85834408896368,5.59529820874833,6.59569492275053,7.26422240845882,7.75234815123809
0,0.717592255473559,1.32282548133953,1.85855364226203,2.34310979225092,2.7876459381177
0,0.81806519912403,1.54662405732325,2.19320366800307,2.76584372497692,3.27310161877615
0,2.03891183028958,3.59325354452874,4.82298704339516,5.8145159407766,6.63376264780418
0,2.52909364760934,4.65639969528933,6.46223472926599,8.00133554300112,9.32156496054239
0,3.52892786671176,5.00596379714977,5.96394885393682,6.66477085704187,7.22986793785829
0,2.33466863293261,4.2966051531098,5.86496819042758,7.07186352667183,7.97786433940158
0,1.36666362421604,2.25087545539873,2.90747962176769,3.43059493337372,3.86936733701289
0,2.14232014947288,4.1247679745866,5.96233375280623,7.66501371941777,9.24152275656261
0,1.88828243149041,3.14097209657109,4.07270977945114,4.79713910218034,5.38841023219758
0,2.32229941121839,4.2006068873179,5.67656392203416,6.82231778989292,7.71934578223855
0,3.11645742282278,5.04998752850114,6.49556593503436,7.65008555729347,8.62215538002619
0,0.223688894736798,0.412339382663362,0.581872912023263,0.737778469752059,0.883054013011527
0,1.01473683089226,1.82834584678428,2.51617334800854,3.11309513145953,3.64337559387944
0,0.766350233085924,1.35735687482733,1.80423550349138,2.14591191178005,2.41774438558124
0,1.34364543893338,2.39262161419847,3.24017138502719,3.93672419716146,4.52129017546864
0,0.816612401928794,1.47025432203228,1.9996897476574,2.43443352128328,2.79709974173736
0,1.72630394237723,3.23709300635309,4.52220798232579,5.59350254360708,6.47356364828561
0,1.46023411519743,2.43625882686364,3.13718985420786,3.66256285626631,4.08058249860992
0,1.90090739770786,3.4200309956136,4.61697768623251,5.55380056407114,6.29376949217355
0,0.409603258998197,0.771037832807095,1.08755016001918,1.36344956683066,1.60390367422152
0,0.432145175819315,0.834856113745597,1.20796249235411,1.55208090992084,1.86823775300512
0,3.26832192628301,4.97366274400729,6.08538281924797,6.88225368683325,7.52253477961112
0,1.1805495325935,1.8008614063324,2.21686937449564,2.5330674078999,2.79225251879055
0,1.47288667990483,2.60207661113826,3.53783526485134,4.34105785875429,5.05167720642125
